1	ещё	еще	ADV	_	Degree=Pos	_	_	_	@yad1986m-words#@yad1986m#1299.923#1300.23
2	в	в	ADP	_	_	_	_	_	@yad1986m-words#@yad1986m#1300.23#1300.537
3	прошлом	прошлый	ADJ	_	Case=Loc|Degree=Pos|Gender=Masc|Number=Sing	_	_	_	@yad1986m-words#@yad1986m#1300.537#1300.844
4	году	год	NOUN	_	Animacy=Inan|Case=Loc|Gender=Masc|Number=Sing	_	_	_	@yad1986m-words#@yad1986m#1300.844#1301.151
5	ты	ты	PRON	_	Case=Nom|Number=Sing|Person=2	_	_	_	@yad1986m-words#@yad1986m#1301.151#1301.458
6	стал	стать	VERB	_	Aspect=Perf|Gender=Masc|Mood=Ind|Number=Sing|Tense=Past|VerbForm=Fin|Voice=Mid	_	_	_	@yad1986m-words#@yad1986m#1301.458#1301.765
7	открытием	открытие	NOUN	_	Animacy=Inan|Case=Ins|Gender=Neut|Number=Sing	_	_	_	@yad1986m-words#@yad1986m#1301.765#1302.072
8	года	год	NOUN	_	Animacy=Inan|Case=Gen|Gender=Masc|Number=Sing	_	_	_	@yad1986m-words#@yad1986m#1302.072#1302.379
9	журнала	журнал	NOUN	_	Animacy=Inan|Case=Gen|Gender=Masc|Number=Sing	_	_	_	@yad1986m-words#@yad1986m#1302.379#1302.686
10	GQ	GQ	PROPN	_	Foreign=Yes	_	_	_	@yad1986m-words#@yad1986m#1302.686#1302.993
11	/	/	PUNCT	_	_	_	_	_	@yad1986m-words#@yad1986m#1302.993#1303.3
12	но	но	CCONJ	_	_	_	_	_	@yad1986m-words#@yad1986m#1303.3#1303.607
13	не	не	PART	_	_	_	_	_	@yad1986m-words#@yad1986m#1303.607#1303.914
14	приехал	приехать	VERB	_	Aspect=Perf|Gender=Masc|Mood=Ind|Number=Sing|Tense=Past|VerbForm=Fin|Voice=Act	_	_	_	@yad1986m-words#@yad1986m#1303.914#1304.221
15	на	на	ADP	_	_	_	_	_	@yad1986m-words#@yad1986m#1304.221#1304.528
16	вечерину	вечерина	NOUN	_	Animacy=Inan|Case=Acc|Gender=Fem|Number=Sing	_	_	_	@yad1986m-words#@yad1986m#1304.528#1304.835
17	/	/	PUNCT	_	_	_	_	_	@yad1986m-words#@yad1986m#1304.835#1305.142
18	я	я	PRON	_	Case=Nom|Number=Sing|Person=1	_	_	_	@yad1986m-words#@yad1986m#1305.142#1305.449
19	был	быть	VERB	_	Aspect=Imp|Gender=Masc|Mood=Ind|Number=Sing|Tense=Past|VerbForm=Fin|Voice=Act	_	_	_	@yad1986m-words#@yad1986m#1305.449#1305.756
20	на	на	ADP	_	_	_	_	_	@yad1986m-words#@yad1986m#1305.756#1306.063
21	этой	этот	DET	_	Case=Loc|Gender=Fem|Number=Sing	_	_	_	@yad1986m-words#@yad1986m#1306.063#1306.37
22	вечерине	вечерина	NOUN	_	Animacy=Inan|Case=Loc|Gender=Fem|Number=Sing	_	_	_	@yad1986m-words#@yad1986m#1306.37#1306.677
23	и	и	CCONJ	_	_	_	_	_	@yad1986m-words#@yad1986m#1306.677#1306.984
24	все	весь	PRON	_	Animacy=Anim|Case=Nom|Number=Plur	_	_	_	@yad1986m-words#@yad1986m#1306.984#1307.291
25	невероятно	невероятно	ADV	_	Degree=Pos	_	_	_	@yad1986m-words#@yad1986m#1307.291#1307.598
26	грустили	грустить	VERB	_	Aspect=Imp|Mood=Ind|Number=Plur|Tense=Past|VerbForm=Fin|Voice=Act	_	_	_	@yad1986m-words#@yad1986m#1307.598#1307.905
27	все	весь	DET	_	Case=Nom|Number=Plur	_	_	_	@yad1986m-words#@yad1986m#1307.905#1308.212
28	рублёвские	рублёвский	ADJ	_	Animacy=Anim|Case=Nom|Degree=Pos|Number=Plur	_	_	_	@yad1986m-words#@yad1986m#1308.212#1308.519
29	мадамы	мадама	NOUN	_	Animacy=Anim|Case=Nom|Gender=Fem|Number=Plur	_	_	_	@yad1986m-words#@yad1986m#1308.519#1308.846
30	они	они	PRON	_	Case=Nom|Number=Plur|Person=3	_	_	_	@yad1986m-words#@yad1986m#1309.096#1309.466
31	очень	очень	ADV	_	Degree=Pos	_	_	_	@yad1986m-words#@yad1986m#1309.466#1309.836
32	грустили	грустить	VERB	_	Aspect=Perf|Mood=Ind|Number=Plur|Tense=Past|VerbForm=Fin|Voice=Act	_	_	_	@yad1986m-words#@yad1986m#1309.836#1310.206
33	из-за	из-за	ADP	_	_	_	_	_	@yad1986m-words#@yad1986m#1310.206#1310.576
34	того	то	PRON	_	Animacy=Inan|Case=Gen|Gender=Neut|Number=Sing	_	_	_	@yad1986m-words#@yad1986m#1310.576#1310.946
35	что	что	SCONJ	_	_	_	_	_	@yad1986m-words#@yad1986m#1310.946#1311.316
36	этого	этот	DET	_	Case=Gen|Gender=Masc|Number=Sing	_	_	_	@yad1986m-words#@yad1986m#1311.316#1311.686
37	обворожительного	обворожительный	ADJ	_	Case=Gen|Degree=Pos|Gender=Masc|Number=Sing	_	_	_	@yad1986m-words#@yad1986m#1311.686#1312.056
38	казахского	казахский	ADJ	_	Case=Gen|Degree=Pos|Gender=Masc|Number=Sing	_	_	_	@yad1986m-words#@yad1986m#1312.056#1312.426
39	мальчика	мальчик	NOUN	_	Animacy=Anim|Case=Gen|Gender=Masc|Number=Sing	_	_	_	@yad1986m-words#@yad1986m#1312.426#1312.796
40	не	не	PART	_	_	_	_	_	@yad1986m-words#@yad1986m#1312.796#1313.166
41	будет	быть	VERB	_	Aspect=Imp|Mood=Ind|Number=Sing|Tense=Fut|VerbForm=Fin|Voice=Act	_	_	_	@yad1986m-words#@yad1986m#1313.166#1313.538
42	где	где	ADV	_	Degree=Pos	_	_	_	@yad1986m-words#@yad1986m#1314.115#1314.302
43	ты	ты	PRON	_	Case=Nom|Number=Sing|Person=2	_	_	_	@yad1986m-words#@yad1986m#1314.302#1314.489
44	был	быть	VERB	_	Aspect=Imp|Gender=Masc|Mood=Ind|Number=Sing|Tense=Past|VerbForm=Fin|Voice=Act	_	_	_	@yad1986m-words#@yad1986m#1314.489#1314.676
45	?	?	PUNCT	_	_	_	_	_	@yad1986m-words#@yad1986m#1314.676#1314.865
46	почему	почему	ADV	_	Degree=Pos	_	_	_	@yad1986m-words#@yad1986m#1316.403#1316.903
47	?	?	PUNCT	_	_	_	_	_	@yad1986m-words#@yad1986m#1316.903#1317.403
48	перехотел	перехотеть	VERB	_	Aspect=Perf|Gender=Masc|Mood=Ind|Number=Sing|Tense=Past|VerbForm=Fin|Voice=Act	_	_	_	@yad1986m-words#@yad1986m#1327.692#1328.143
49	или	или	CCONJ	_	_	_	_	_	@yad1986m-words#@yad1986m#1328.143#1328.594
50	угорел	угореть	VERB	_	Aspect=Perf|Gender=Masc|Mood=Ind|Number=Sing|Tense=Past|VerbForm=Fin|Voice=Act	_	_	_	@yad1986m-words#@yad1986m#1328.594#1329.045
51	?	?	PUNCT	_	_	_	_	_	@yad1986m-words#@yad1986m#1329.045#1329.499
52	ну	ну	INTJ	_	_	_	_	_	@yad1986m-words#@yad1986m#1353.288#1353.59
53	в	в	ADP	_	_	_	_	_	@yad1986m-words#@yad1986m#1353.59#1353.892
54	съёмке	съёмка	NOUN	_	Animacy=Inan|Case=Loc|Gender=Fem|Number=Sing	_	_	_	@yad1986m-words#@yad1986m#1353.892#1354.194
55	при	при	ADP	_	_	_	_	_	@yad1986m-words#@yad1986m#1354.194#1354.496
56	этом	это	PRON	_	Animacy=Inan|Case=Loc|Gender=Neut|Number=Sing	_	_	_	@yad1986m-words#@yad1986m#1354.496#1354.798
57	ты	ты	PRON	_	Case=Nom|Number=Sing|Person=2	_	_	_	@yad1986m-words#@yad1986m#1354.798#1355.1
58	принял	принять	VERB	_	Aspect=Perf|Gender=Masc|Mood=Ind|Number=Sing|Tense=Past|VerbForm=Fin|Voice=Act	_	_	_	@yad1986m-words#@yad1986m#1355.1#1355.402
59	участие	участие	NOUN	_	Animacy=Inan|Case=Acc|Gender=Neut|Number=Sing	_	_	_	@yad1986m-words#@yad1986m#1355.402#1355.711
60	охуенная	охуенный	ADJ	_	Case=Nom|Degree=Pos|Gender=Fem|Number=Sing	_	_	_	@yad1986m-words#@yad1986m#1356.269#1356.894
61	съёмка	съёмка	NOUN	_	Animacy=Inan|Case=Nom|Gender=Fem|Number=Sing	_	_	_	@yad1986m-words#@yad1986m#1356.894#1357.519
62	в	в	ADP	_	_	_	_	_	@yad1986m-words#@yad1986m#1357.519#1357.89
63	фраке	фрак	NOUN	_	Animacy=Inan|Case=Loc|Gender=Masc|Number=Sing	_	_	_	@yad1986m-words#@yad1986m#1357.89#1358.261
64	растёгнутом	растёгнутый	VERB	_	Aspect=Perf|Case=Loc|Gender=Masc|Number=Sing|Tense=Past|VerbForm=Part|Voice=Pass	_	_	_	@yad1986m-words#@yad1986m#1358.261#1358.634
65	и	и	CCONJ	_	_	_	_	_	@yad1986m-words#@yad1986m#1358.98#1359.313
66	всё	все	DET	_	Case=Acc|Gender=Neut|Number=Sing	_	_	_	@yad1986m-words#@yad1986m#1359.313#1359.646
67	остальное	остальной	ADJ	_	Case=Acc|Degree=Pos|Gender=Neut|Number=Sing	_	_	_	@yad1986m-words#@yad1986m#1359.646#1359.98
68	то	то	PRON	_	Animacy=Inan|Case=Nom|Gender=Neut|Number=Sing	_	_	_	@yad1986m-words#@yad1986m#1360.057#1360.305
69	есть	быть	VERB	_	Aspect=Imp|Mood=Ind|Number=Sing|Person=3|Tense=Pres|VerbForm=Fin|Voice=Act	_	_	_	@yad1986m-words#@yad1986m#1360.305#1360.553
70	эээ	эээ	INTJ	_	_	_	_	_	@yad1986m-words#@yad1986m#1360.553#1360.801
71	ну	ну	INTJ	_	_	_	_	_	@yad1986m-words#@yad1986m#1360.801#1361.049
72	то	то	PRON	_	Animacy=Inan|Case=Nom|Gender=Neut|Number=Sing	_	_	_	@yad1986m-words#@yad1986m#1361.049#1361.297
73	есть	быть	VERB	_	Aspect=Imp|Mood=Ind|Number=Sing|Person=3|Tense=Pres|VerbForm=Fin|Voice=Act	_	_	_	@yad1986m-words#@yad1986m#1361.297#1361.545
74	если	если	SCONJ	_	_	_	_	_	@yad1986m-words#@yad1986m#1361.545#1361.793
75	бы	бы	PART	_	_	_	_	_	@yad1986m-words#@yad1986m#1361.793#1362.041
76	это	это	PRON	_	Animacy=Inan|Case=Nom|Gender=Neut|Number=Sing	_	_	_	@yad1986m-words#@yad1986m#1362.041#1362.289
77	была	быть	VERB	_	Aspect=Imp|Gender=Fem|Mood=Ind|Number=Sing|Tense=Past|VerbForm=Fin|Voice=Act	_	_	_	@yad1986m-words#@yad1986m#1362.289#1362.537
78	панк-поза	панк-поз	NOUN	_	Animacy=Inan|Case=Nom|Gender=Fem|Number=Sing	_	_	_	@yad1986m-words#@yad1986m#1362.537#1362.785
79	/	/	PUNCT	_	_	_	_	_	@yad1986m-words#@yad1986m#1362.785#1363.033
80	такая	такой	DET	_	Case=Nom|Gender=Fem|Number=Sing	_	_	_	@yad1986m-words#@yad1986m#1363.033#1363.281
81	/	/	PUNCT	_	_	_	_	_	@yad1986m-words#@yad1986m#1363.281#1363.529
82	то	то	PRON	_	Animacy=Inan|Case=Nom|Gender=Neut|Number=Sing	_	_	_	@yad1986m-words#@yad1986m#1363.529#1363.777
83	что	что	SCONJ	_	_	_	_	_	@yad1986m-words#@yad1986m#1363.777#1364.025
84	ты	ты	PRON	_	Case=Nom|Number=Sing|Person=2	_	_	_	@yad1986m-words#@yad1986m#1364.025#1364.273
85	вообще	вообще	ADV	_	Degree=Pos	_	_	_	@yad1986m-words#@yad1986m#1364.273#1364.521
86	не	не	PART	_	_	_	_	_	@yad1986m-words#@yad1986m#1364.521#1364.769
87	хочешь	хотеть	VERB	_	Aspect=Imp|Mood=Ind|Number=Sing|Person=2|Tense=Pres|VerbForm=Fin|Voice=Act	_	_	_	@yad1986m-words#@yad1986m#1364.769#1365.017
88	иметь	иметь	VERB	_	Aspect=Imp|VerbForm=Inf|Voice=Act	_	_	_	@yad1986m-words#@yad1986m#1365.017#1365.265
89	с	с	ADP	_	_	_	_	_	@yad1986m-words#@yad1986m#1365.265#1365.513
90	ними	они	PRON	_	Case=Ins|Number=Plur|Person=3	_	_	_	@yad1986m-words#@yad1986m#1365.513#1365.761
91	дела	дело	NOUN	_	Animacy=Inan|Case=Gen|Gender=Neut|Number=Sing	_	_	_	@yad1986m-words#@yad1986m#1365.761#1366.009
92	/	/	PUNCT	_	_	_	_	_	@yad1986m-words#@yad1986m#1366.009#1366.257
93	то	то	PRON	_	Animacy=Inan|Case=Nom|Gender=Neut|Number=Sing	_	_	_	@yad1986m-words#@yad1986m#1366.257#1366.505
94	зачем	зачем	ADV	_	Degree=Pos	_	_	_	@yad1986m-words#@yad1986m#1366.505#1366.753
95	тогда	тогда	ADV	_	Degree=Pos	_	_	_	@yad1986m-words#@yad1986m#1366.753#1367.001
96	было	быть	AUX	_	Aspect=Imp|Gender=Neut|Mood=Ind|Number=Sing|Tense=Past|VerbForm=Fin|Voice=Act	_	_	_	@yad1986m-words#@yad1986m#1367.001#1367.249
97	сниматься	сниматься	VERB	_	Aspect=Imp|VerbForm=Inf|Voice=Mid	_	_	_	@yad1986m-words#@yad1986m#1367.249#1367.497
98	?	?	PUNCT	_	_	_	_	_	@yad1986m-words#@yad1986m#1367.497#1367.749
99	парад	парад	NOUN	_	Animacy=Inan|Case=Nom|Gender=Masc|Number=Sing	_	_	_	@yad1986m-words#@yad1986m#1393.788#1394.672
100	ебро...таро...еблоторговли	еблоторговля	NOUN	_	Animacy=Inan|Case=Gen|Gender=Fem|Number=Sing	_	_	_	@yad1986m-words#@yad1986m#1394.672#1395.557
101	это	этот	PRON	_	Case=Nom|Gender=Neut|Number=Sing	_	_	_	@yad1986m-words#@yad1986m#1395.557#1395.855
102	красиво	красиво	NOUN	_	Animacy=Inan|Case=Acc|Gender=Neut|Number=Sing	_	_	_	@yad1986m-words#@yad1986m#1395.855#1396.153
103	ты	ты	PRON	_	Case=Nom|Number=Sing|Person=2	_	_	_	@yad1986m-words#@yad1986m#1400.096#1400.578
104	/	/	PUNCT	_	_	_	_	_	@yad1986m-words#@yad1986m#1400.578#1401.06
105	возможно	возможно	ADV	_	_	_	_	_	@yad1986m-words#@yad1986m#1401.06#1401.542
106	самый	самый	DET	_	Case=Nom|Gender=Masc|Number=Sing	_	_	_	@yad1986m-words#@yad1986m#1401.542#1402.024
107	загадочный	загадочный	ADJ	_	Case=Nom|Degree=Pos|Gender=Masc|Number=Sing	_	_	_	@yad1986m-words#@yad1986m#1402.024#1402.506
108	/	/	PUNCT	_	_	_	_	_	@yad1986m-words#@yad1986m#1402.506#1402.988
109	артист	артист	NOUN	_	Animacy=Anim|Case=Nom|Gender=Masc|Number=Sing	_	_	_	@yad1986m-words#@yad1986m#1402.988#1403.47
110	в...на	на	ADP	_	_	_	_	_	@yad1986m-words#@yad1986m#1403.47#1403.952
111	русской	русский	ADJ	_	Case=Loc|Degree=Pos|Gender=Fem|Number=Sing	_	_	_	@yad1986m-words#@yad1986m#1403.952#1404.434
112	рэп-сцене	рэп-сцена	NOUN	_	Animacy=Inan|Case=Loc|Gender=Fem|Number=Sing	_	_	_	@yad1986m-words#@yad1986m#1404.434#1404.916
113	/	/	PUNCT	_	_	_	_	_	@yad1986m-words#@yad1986m#1404.916#1405.398
114	чем...как	как	SCONJ	_	_	_	_	_	@yad1986m-words#@yad1986m#1405.398#1405.88
115	ты	ты	PRON	_	Case=Nom|Number=Sing|Person=2	_	_	_	@yad1986m-words#@yad1986m#1405.88#1406.362
116	живёшь	жить	VERB	_	Aspect=Imp|Mood=Ind|Number=Sing|Person=2|Tense=Pres|VerbForm=Fin|Voice=Act	_	_	_	@yad1986m-words#@yad1986m#1406.362#1406.844
117	?	?	PUNCT	_	_	_	_	_	@yad1986m-words#@yad1986m#1406.844#1407.326
118	вот	вот	PART	_	_	_	_	_	@yad1986m-words#@yad1986m#1407.442#1407.729
119	опиши	описать	VERB	_	Aspect=Perf|Mood=Imp|Number=Sing|Person=2|VerbForm=Fin|Voice=Act	_	_	_	@yad1986m-words#@yad1986m#1407.729#1408.016
120	свой	свой	DET	_	Case=Acc|Gender=Masc|Number=Sing	_	_	_	@yad1986m-words#@yad1986m#1408.016#1408.303
121	стандартный	стандартный	ADJ	_	Animacy=Inan|Case=Acc|Degree=Pos|Gender=Masc|Number=Sing	_	_	_	@yad1986m-words#@yad1986m#1408.303#1408.59
122	день	день	NOUN	_	Animacy=Inan|Case=Acc|Gender=Masc|Number=Sing	_	_	_	@yad1986m-words#@yad1986m#1408.59#1408.877
123	/	/	PUNCT	_	_	_	_	_	@yad1986m-words#@yad1986m#1408.877#1409.164
124	например	например	ADV	_	_	_	_	_	@yad1986m-words#@yad1986m#1409.164#1409.451
125	что	что	PRON	_	Case=Acc	_	_	_	@yad1986m-words#@yad1986m#1409.451#1409.738
126	ты	ты	PRON	_	Case=Nom|Number=Sing|Person=2	_	_	_	@yad1986m-words#@yad1986m#1409.738#1410.025
127	делал	делать	VERB	_	Aspect=Imp|Gender=Masc|Mood=Ind|Number=Sing|Tense=Past|VerbForm=Fin|Voice=Act	_	_	_	@yad1986m-words#@yad1986m#1410.025#1410.312
128	/	/	PUNCT	_	_	_	_	_	@yad1986m-words#@yad1986m#1410.312#1410.599
129	вчерашний	вчерашний	ADJ	_	Animacy=Inan|Case=Acc|Degree=Pos|Gender=Masc|Number=Sing	_	_	_	@yad1986m-words#@yad1986m#1410.599#1410.886
130	день	день	NOUN	_	Animacy=Inan|Case=Acc|Gender=Masc|Number=Sing	_	_	_	@yad1986m-words#@yad1986m#1410.886#1411.173
131	не	не	PART	_	_	_	_	_	@yad1986m-words#@yad1986m#1411.173#1411.46
132	показатель	показатель	NOUN	_	Animacy=Inan|Case=Nom|Gender=Masc|Number=Sing	_	_	_	@yad1986m-words#@yad1986m#1411.46#1411.747
133	потому	потому	ADV	_	_	_	_	_	@yad1986m-words#@yad1986m#1411.747#1412.034
134	что	что	SCONJ	_	_	_	_	_	@yad1986m-words#@yad1986m#1412.034#1412.321
135	вы	вы	PRON	_	Case=Nom|Number=Plur|Person=2	_	_	_	@yad1986m-words#@yad1986m#1412.321#1412.608
136	пилили	пилить	VERB	_	Aspect=Imp|Mood=Ind|Number=Plur|Tense=Past|VerbForm=Fin|Voice=Act	_	_	_	@yad1986m-words#@yad1986m#1412.608#1412.895
137	альбом	альбом	NOUN	_	Animacy=Inan|Case=Acc|Gender=Masc|Number=Sing	_	_	_	@yad1986m-words#@yad1986m#1412.895#1413.192
138	неделю	неделя	NOUN	_	Animacy=Inan|Case=Acc|Gender=Fem|Number=Sing	_	_	_	@yad1986m-words#@yad1986m#1413.288#1413.622
139	назад	назад	ADV	_	Degree=Pos	_	_	_	@yad1986m-words#@yad1986m#1413.622#1413.956
140	/	/	PUNCT	_	_	_	_	_	@yad1986m-words#@yad1986m#1413.956#1414.29
141	сегодня	сегодня	ADV	_	Degree=Pos	_	_	_	@yad1986m-words#@yad1986m#1414.29#1414.624
142	что	что	PRON	_	Case=Acc	_	_	_	@yad1986m-words#@yad1986m#1414.624#1414.958
143	у	у	ADP	_	_	_	_	_	@yad1986m-words#@yad1986m#1414.958#1415.292
144	нас	мы	PRON	_	Case=Gen|Number=Plur|Person=1	_	_	_	@yad1986m-words#@yad1986m#1415.292#1415.626
145	четверг	четверг	NOUN	_	Animacy=Inan|Case=Acc|Gender=Masc|Number=Sing	_	_	_	@yad1986m-words#@yad1986m#1415.626#1415.961
146	значит	значит	INTJ	_	_	_	_	_	@yad1986m-words#@yad1986m#1417.307#1417.554
147	неделю	неделя	NOUN	_	Animacy=Inan|Case=Acc|Gender=Fem|Number=Sing	_	_	_	@yad1986m-words#@yad1986m#1417.554#1417.801
148	до	до	ADP	_	_	_	_	_	@yad1986m-words#@yad1986m#1417.801#1418.048
149	этого	это	PRON	_	Animacy=Inan|Case=Gen|Gender=Neut|Number=Sing	_	_	_	@yad1986m-words#@yad1986m#1418.048#1418.295
150	тоже	тоже	PART	_	_	_	_	_	@yad1986m-words#@yad1986m#1418.295#1418.542
151	сводил	сводить	VERB	_	Aspect=Imp|Gender=Masc|Mood=Ind|Number=Sing|Tense=Past|VerbForm=Fin|Voice=Act	_	_	_	@yad1986m-words#@yad1986m#1418.542#1418.789
152	?	?	PUNCT	_	_	_	_	_	@yad1986m-words#@yad1986m#1418.789#1419.038
153	да	да	INTJ	_	_	_	_	_	@yad1986m-words#@yad1986m#1420.826#1421.068
154	/	/	PUNCT	_	_	_	_	_	@yad1986m-words#@yad1986m#1421.068#1421.31
155	а	а	INTJ	_	_	_	_	_	@yad1986m-words#@yad1986m#1421.31#1421.552
156	вот	вот	PART	_	_	_	_	_	@yad1986m-words#@yad1986m#1421.552#1421.794
157	ровно	ровно	ADV	_	Degree=Pos	_	_	_	@yad1986m-words#@yad1986m#1421.794#1422.036
158	неделю	неделя	NOUN	_	Animacy=Inan|Case=Acc|Gender=Fem|Number=Sing	_	_	_	@yad1986m-words#@yad1986m#1422.036#1422.278
159	назад	назад	ADV	_	Degree=Pos	_	_	_	@yad1986m-words#@yad1986m#1422.278#1422.52
160	?	?	PUNCT	_	_	_	_	_	@yad1986m-words#@yad1986m#1422.52#1422.769
161	так	так	INTJ	_	_	_	_	_	@yad1986m-words#@yad1986m#1423.884#1424.041
162	/	/	PUNCT	_	_	_	_	_	@yad1986m-words#@yad1986m#1424.041#1424.198
163	хорошо	хорошо	ADV	_	Degree=Pos	_	_	_	@yad1986m-words#@yad1986m#1424.198#1424.355
164	/	/	PUNCT	_	_	_	_	_	@yad1986m-words#@yad1986m#1424.355#1424.512
165	две	два	NUM	_	Animacy=Inan|Case=Acc|Gender=Fem	_	_	_	@yad1986m-words#@yad1986m#1424.512#1424.669
166	недели	неделя	NOUN	_	Animacy=Inan|Case=Acc|Gender=Fem|Number=Plur	_	_	_	@yad1986m-words#@yad1986m#1424.669#1424.826
167	назад	назад	ADV	_	Degree=Pos	_	_	_	@yad1986m-words#@yad1986m#1424.826#1424.983
168	/	/	PUNCT	_	_	_	_	_	@yad1986m-words#@yad1986m#1424.983#1425.14
169	сколько	сколько	PRON	_	Case=Nom	_	_	_	@yad1986m-words#@yad1986m#1425.14#1425.297
170	ты...	ты	PRON	_	Case=Nom|Number=Sing|Person=2	_	_	_	@yad1986m-words#@yad1986m#1425.297#1425.461
171	блин	блин	INTJ	_	Animacy=Inan|Case=Nom|Gender=Masc|Number=Sing	_	_	_	@yad1986m-words#@yad1986m#1425.865#1426.865
172	ты	ты	PRON	_	Case=Nom|Number=Sing|Person=2	_	_	_	@yad1986m-words#@yad1986m#1427.134#1427.393
173	только	только	PART	_	_	_	_	_	@yad1986m-words#@yad1986m#1427.393#1427.652
174	сводишь	сводить	VERB	_	Aspect=Imp|Mood=Ind|Number=Sing|Person=2|Tense=Pres|VerbForm=Fin|Voice=Act	_	_	_	@yad1986m-words#@yad1986m#1427.652#1427.911
175	?	?	PUNCT	_	_	_	_	_	@yad1986m-words#@yad1986m#1427.911#1428.173
176	угу	угу	INTJ	_	_	_	_	_	@yad1986m-words#@yad1986m#1429.576#1430.326
177	во	в	ADP	_	_	_	_	_	@yad1986m-words#@yad1986m#1436.115#1436.371
178	сколько	сколько	PRON	_	Case=Nom	_	_	_	@yad1986m-words#@yad1986m#1436.371#1436.627
179	?	?	PUNCT	_	_	_	_	_	@yad1986m-words#@yad1986m#1436.627#1436.884
180	типа	типа	PART	_	_	_	_	_	@yad1986m-words#@yad1986m#1459.961#1460.241
181	комменты	коммент	NOUN	_	Animacy=Inan|Case=Nom|Gender=Masc|Number=Plur	_	_	_	@yad1986m-words#@yad1986m#1460.241#1460.521
182	инстухи	инстуха	NOUN	_	Animacy=Inan|Case=Gen|Gender=Fem|Number=Sing	_	_	_	@yad1986m-words#@yad1986m#1460.521#1460.801
183	да	да	PART	_	_	_	_	_	@yad1986m-words#@yad1986m#1460.801#1461.081
184	?	?	PUNCT	_	_	_	_	_	@yad1986m-words#@yad1986m#1461.081#1461.365
185	угу	угу	INTJ	_	_	_	_	_	@yad1986m-words#@yad1986m#1462.192#1462.788
186	так	так	INTJ	_	_	_	_	_	@yad1986m-words#@yad1986m#1465.596#1466.211
187	угу	угу	INTJ	_	_	_	_	_	@yad1986m-words#@yad1986m#1471.711#1471.926
188	/	/	PUNCT	_	_	_	_	_	@yad1986m-words#@yad1986m#1471.926#1472.141
189	как	как	SCONJ	_	_	_	_	_	@yad1986m-words#@yad1986m#1472.141#1472.356
190	ты	ты	PRON	_	Case=Nom|Number=Sing|Person=2	_	_	_	@yad1986m-words#@yad1986m#1472.356#1472.571
191	добираешься	добираться	VERB	_	Aspect=Imp|Mood=Ind|Number=Sing|Person=2|Tense=Pres|VerbForm=Fin|Voice=Mid	_	_	_	@yad1986m-words#@yad1986m#1472.571#1472.786
192	?	?	PUNCT	_	_	_	_	_	@yad1986m-words#@yad1986m#1472.786#1473.001
193	на	на	ADP	_	_	_	_	_	@yad1986m-words#@yad1986m#1473.001#1473.216
194	тачке	тачка	NOUN	_	Animacy=Inan|Case=Loc|Gender=Fem|Number=Sing	_	_	_	@yad1986m-words#@yad1986m#1473.216#1473.431
195	?	?	PUNCT	_	_	_	_	_	@yad1986m-words#@yad1986m#1473.431#1473.653
196	а	а	INTJ	_	_	_	_	_	@yad1986m-words#@yad1986m#1475.538#1475.768
197	/	/	PUNCT	_	_	_	_	_	@yad1986m-words#@yad1986m#1475.768#1475.998
198	подвал	подвал	NOUN	_	Animacy=Inan|Case=Nom|Gender=Masc|Number=Sing	_	_	_	@yad1986m-words#@yad1986m#1475.998#1476.228
199	?	?	PUNCT	_	_	_	_	_	@yad1986m-words#@yad1986m#1476.228#1476.461
200	ты	ты	PRON	_	Case=Nom|Number=Sing|Person=2	_	_	_	@yad1986m-words#@yad1986m#1476.519#1476.752
201	арендуешь	арендовать	VERB	_	Aspect=Imp|Mood=Ind|Number=Sing|Person=2|Tense=Pres|VerbForm=Fin|Voice=Act	_	_	_	@yad1986m-words#@yad1986m#1476.752#1476.985
202	дом	дом	NOUN	_	Animacy=Inan|Case=Acc|Gender=Masc|Number=Sing	_	_	_	@yad1986m-words#@yad1986m#1476.985#1477.218
203	где-то	где-то	ADV	_	Degree=Pos	_	_	_	@yad1986m-words#@yad1986m#1477.218#1477.451
204	в	в	ADP	_	_	_	_	_	@yad1986m-words#@yad1986m#1477.451#1477.684
205	Подмосковье	Подмосковье	PROPN	_	Animacy=Inan|Case=Loc|Gender=Neut|Number=Sing	_	_	_	@yad1986m-words#@yad1986m#1477.684#1477.917
206	?	?	PUNCT	_	_	_	_	_	@yad1986m-words#@yad1986m#1477.917#1478.153
207	угу	угу	INTJ	_	_	_	_	_	@yad1986m-words#@yad1986m#1478.826#1479.015
208	/	/	PUNCT	_	_	_	_	_	@yad1986m-words#@yad1986m#1479.015#1479.204
209	аа	а	INTJ	_	_	_	_	_	@yad1986m-words#@yad1986m#1479.204#1479.393
210	то	то	PRON	_	Animacy=Inan|Case=Nom|Gender=Neut|Number=Sing	_	_	_	@yad1986m-words#@yad1986m#1479.393#1479.582
211	есть	быть	VERB	_	Aspect=Imp|Mood=Ind|Number=Sing|Person=3|Tense=Pres|VerbForm=Fin|Voice=Act	_	_	_	@yad1986m-words#@yad1986m#1479.582#1479.771
212	на	на	ADP	_	_	_	_	_	@yad1986m-words#@yad1986m#1479.771#1479.96
213	газ	газ	NOUN	_	Animacy=Inan|Case=Acc|Gender=Masc|Number=Sing	_	_	_	@yad1986m-words#@yad1986m#1479.96#1480.149
214	тебе	ты	PRON	_	Case=Dat|Number=Sing|Person=2	_	_	_	@yad1986m-words#@yad1986m#1480.149#1480.338
215	ездить	ездить	VERB	_	Aspect=Imp|VerbForm=Inf|Voice=Act	_	_	_	@yad1986m-words#@yad1986m#1480.338#1480.527
216	не	не	PART	_	_	_	_	_	@yad1986m-words#@yad1986m#1480.527#1480.716
217	надо	надо	PRED	_	_	_	_	_	@yad1986m-words#@yad1986m#1480.716#1480.905
218	каждый	каждый	DET	_	Case=Acc|Gender=Masc|Number=Sing	_	_	_	@yad1986m-words#@yad1986m#1480.905#1481.094
219	раз	раз	NOUN	_	Animacy=Inan|Case=Acc|Gender=Masc|Number=Sing	_	_	_	@yad1986m-words#@yad1986m#1481.094#1481.283
220	?	?	PUNCT	_	_	_	_	_	@yad1986m-words#@yad1986m#1481.283#1481.48
221	угу	угу	INTJ	_	_	_	_	_	@yad1986m-words#@yad1986m#1482.326#1482.923
222	какой	какой	DET	_	Case=Nom|Gender=Masc|Number=Sing	_	_	_	@yad1986m-words#@yad1986m#1490.115#1490.306
223	у	у	ADP	_	_	_	_	_	@yad1986m-words#@yad1986m#1490.306#1490.497
224	тебя	ты	PRON	_	Case=Gen|Number=Sing|Person=2	_	_	_	@yad1986m-words#@yad1986m#1490.497#1490.688
225	рекорд	рекорд	NOUN	_	Animacy=Inan|Case=Nom|Gender=Masc|Number=Sing	_	_	_	@yad1986m-words#@yad1986m#1490.688#1490.879
226	по	по	ADP	_	_	_	_	_	@yad1986m-words#@yad1986m#1490.879#1491.07
227	тому	тот	PRON	_	Animacy=Inan|Case=Dat|Gender=Neut|Number=Sing	_	_	_	@yad1986m-words#@yad1986m#1491.07#1491.261
228	что	что	SCONJ	_	_	_	_	_	@yad1986m-words#@yad1986m#1491.261#1491.452
229	ты	ты	PRON	_	Case=Nom|Number=Sing|Person=2	_	_	_	@yad1986m-words#@yad1986m#1491.452#1491.643
230	не	не	PART	_	_	_	_	_	@yad1986m-words#@yad1986m#1491.643#1491.834
231	вылезаешь	вылезать	VERB	_	Aspect=Imp|Mood=Ind|Number=Sing|Person=2|Tense=Pres|VerbForm=Fin|Voice=Act	_	_	_	@yad1986m-words#@yad1986m#1491.834#1492.025
232	вообще	вообще	ADV	_	Degree=Pos	_	_	_	@yad1986m-words#@yad1986m#1492.025#1492.216
233	из	из	ADP	_	_	_	_	_	@yad1986m-words#@yad1986m#1492.216#1492.407
234	своего	свой	DET	_	Case=Gen|Gender=Masc|Number=Sing	_	_	_	@yad1986m-words#@yad1986m#1492.407#1492.598
235	дома	дом	NOUN	_	Animacy=Inan|Case=Gen|Gender=Masc|Number=Sing	_	_	_	@yad1986m-words#@yad1986m#1492.598#1492.789
236	?	?	PUNCT	_	_	_	_	_	@yad1986m-words#@yad1986m#1492.789#1492.98
237	ну	ну	INTJ	_	_	_	_	_	@yad1986m-words#@yad1986m#1498.019#1498.249
238	бывало	бывать	VERB	_	Aspect=Imp|Gender=Neut|Mood=Ind|Number=Sing|Tense=Past|VerbForm=Fin|Voice=Act	_	_	_	@yad1986m-words#@yad1986m#1498.249#1498.479
239	что	что	SCONJ	_	_	_	_	_	@yad1986m-words#@yad1986m#1498.479#1498.709
240	ты	ты	PRON	_	Case=Nom|Number=Sing|Person=2	_	_	_	@yad1986m-words#@yad1986m#1498.709#1498.939
241	неделю	неделя	NOUN	_	Animacy=Inan|Case=Acc|Gender=Fem|Number=Sing	_	_	_	@yad1986m-words#@yad1986m#1498.939#1499.169
242	вообще	вообще	ADV	_	Degree=Pos	_	_	_	@yad1986m-words#@yad1986m#1499.169#1499.403
243	за	за	ADP	_	_	_	_	_	@yad1986m-words#@yad1986m#1499.423#1499.65
244	пределы	предел	NOUN	_	Animacy=Inan|Case=Acc|Gender=Masc|Number=Plur	_	_	_	@yad1986m-words#@yad1986m#1499.65#1499.877
245	калитки	калитка	NOUN	_	Animacy=Inan|Case=Gen|Gender=Fem|Number=Sing	_	_	_	@yad1986m-words#@yad1986m#1499.877#1500.104
246	не	не	PART	_	_	_	_	_	@yad1986m-words#@yad1986m#1500.104#1500.331
247	выходил	выходить	VERB	_	Aspect=Imp|Gender=Masc|Mood=Ind|Number=Sing|Tense=Past|VerbForm=Fin|Voice=Act	_	_	_	@yad1986m-words#@yad1986m#1500.331#1500.558
248	?	?	PUNCT	_	_	_	_	_	@yad1986m-words#@yad1986m#1500.558#1500.788
249	ага	ага	INTJ	_	_	_	_	_	@yad1986m-words#@yad1986m#1504.807#1505.403
250	и	и	CCONJ	_	_	_	_	_	@yad1986m-words#@yad1986m#1508.038#1508.176
251	в	в	ADP	_	_	_	_	_	@yad1986m-words#@yad1986m#1508.176#1508.314
252	москве	Москва	PROPN	_	Animacy=Inan|Case=Loc|Gender=Fem|Number=Sing	_	_	_	@yad1986m-words#@yad1986m#1508.314#1508.452
253	тоже	тоже	PART	_	_	_	_	_	@yad1986m-words#@yad1986m#1508.452#1508.59
254	?	?	PUNCT	_	_	_	_	_	@yad1986m-words#@yad1986m#1508.59#1508.73
255	мм	ммм	INTJ	_	_	_	_	_	@yad1986m-words#@yad1986m#1580.019#1580.257
256	залипаешь	залипать	VERB	_	Aspect=Imp|Mood=Ind|Number=Sing|Person=2|Tense=Pres|VerbForm=Fin|Voice=Act	_	_	_	@yad1986m-words#@yad1986m#1580.257#1580.495
257	ли	ли	PART	_	_	_	_	_	@yad1986m-words#@yad1986m#1580.495#1580.733
258	ты	ты	PRON	_	Case=Nom|Number=Sing|Person=2	_	_	_	@yad1986m-words#@yad1986m#1580.733#1580.971
259	в	в	ADP	_	_	_	_	_	@yad1986m-words#@yad1986m#1580.971#1581.209
260	ютубчике	ютубчик	NOUN	_	Animacy=Inan|Case=Loc|Gender=Masc|Number=Sing	_	_	_	@yad1986m-words#@yad1986m#1581.209#1581.447
261	?	?	PUNCT	_	_	_	_	_	@yad1986m-words#@yad1986m#1581.447#1581.685
262	/	/	PUNCT	_	_	_	_	_	@yad1986m-words#@yad1986m#1581.685#1581.923
263	какие	какой	DET	_	Case=Acc|Number=Plur	_	_	_	@yad1986m-words#@yad1986m#1581.923#1582.161
264	сайты	сайт	NOUN	_	Animacy=Inan|Case=Acc|Gender=Masc|Number=Plur	_	_	_	@yad1986m-words#@yad1986m#1582.161#1582.399
265	ты	ты	PRON	_	Case=Nom|Number=Sing|Person=2	_	_	_	@yad1986m-words#@yad1986m#1582.399#1582.637
266	читаешь	читать	VERB	_	Aspect=Imp|Mood=Ind|Number=Sing|Person=2|Tense=Pres|VerbForm=Fin|Voice=Act	_	_	_	@yad1986m-words#@yad1986m#1582.637#1582.875
267	?	?	PUNCT	_	_	_	_	_	@yad1986m-words#@yad1986m#1582.875#1583.113
268	/	/	PUNCT	_	_	_	_	_	@yad1986m-words#@yad1986m#1583.113#1583.351
269	есть	быть	VERB	_	Aspect=Imp|Mood=Ind|Number=Sing|Person=3|Tense=Pres|VerbForm=Fin|Voice=Act	_	_	_	@yad1986m-words#@yad1986m#1583.351#1583.589
270	ли	ли	PART	_	_	_	_	_	@yad1986m-words#@yad1986m#1583.589#1583.827
271	у	у	ADP	_	_	_	_	_	@yad1986m-words#@yad1986m#1583.827#1584.065
272	тебя	ты	PRON	_	Case=Gen|Number=Sing|Person=2	_	_	_	@yad1986m-words#@yad1986m#1584.065#1584.303
273	телек...	телек	NOUN	_	Animacy=Inan|Case=Acc|Gender=Masc|Number=Sing	_	_	_	@yad1986m-words#@yad1986m#1584.303#1584.557
274	#недоумевает#	#недоумевает#	_	_	_	_	_	_	@yad1986m-words#@yad1986m#1588.923#1591.173
275	мм	ммм	INTJ	_	_	_	_	_	@yad1986m-words#@yad1986m#1597.173#1597.603
276	букиных	Букины	PROPN	_	Animacy=Anim|Case=Nom|Number=Plur	_	_	_	@yad1986m-words#@yad1986m#1597.603#1598.033
277	это...счастливы	счастливый	ADJ	_	Case=Nom|Degree=Pos|Number=Plur|Variant=Short	_	_	_	@yad1986m-words#@yad1986m#1598.033#1598.463
278	вместе	вместе	ADV	_	Degree=Pos	_	_	_	@yad1986m-words#@yad1986m#1598.463#1598.893
279	?	?	PUNCT	_	_	_	_	_	@yad1986m-words#@yad1986m#1598.893#1599.326
280	охуеть	охуеть	VERB	_	Aspect=Perf|VerbForm=Inf|Voice=Act	_	_	_	@yad1986m-words#@yad1986m#1610.211#1610.865
281	#смеется#	#смеется#	_	_	_	_	_	_	@aok1990m-words#@aok1990m#1308.788#1309.884
282	#смеется#	#смеется#	_	_	_	_	_	_	@aok1990m-words#@aok1990m#1312.788#1314.115
283	дома	дома	ADV	_	_	_	_	_	@aok1990m-words#@aok1990m#1315.442#1315.711
284	перехотел	перехотеть	VERB	_	Aspect=Perf|Gender=Masc|Mood=Ind|Number=Sing|Tense=Past|VerbForm=Fin|Voice=Act	_	_	_	@aok1990m-words#@aok1990m#1318.346#1319.249
285	я	я	PRON	_	Case=Nom|Number=Sing|Person=1	_	_	_	@aok1990m-words#@aok1990m#1319.884#1320.238
286	долго	долго	ADV	_	Degree=Pos	_	_	_	@aok1990m-words#@aok1990m#1320.238#1320.592
287	ломался	ломать	VERB	_	Aspect=Imp|Gender=Masc|Mood=Ind|Number=Sing|Tense=Past|VerbForm=Fin|Voice=Mid	_	_	_	@aok1990m-words#@aok1990m#1320.592#1320.946
288	вообще	вообще	ADV	_	Degree=Pos	_	_	_	@aok1990m-words#@aok1990m#1320.946#1321.3
289	ехать	ехать	VERB	_	Aspect=Imp|VerbForm=Inf|Voice=Act	_	_	_	@aok1990m-words#@aok1990m#1321.3#1321.654
290	не	не	PART	_	_	_	_	_	@aok1990m-words#@aok1990m#1321.654#1322.008
291	ехать	ехать	VERB	_	Aspect=Imp|VerbForm=Inf|Voice=Act	_	_	_	@aok1990m-words#@aok1990m#1322.008#1322.362
292	/	/	PUNCT	_	_	_	_	_	@aok1990m-words#@aok1990m#1322.362#1322.716
293	[нрзб]	[нрзб]	_	_	_	_	_	_	@aok1990m-words#@aok1990m#1322.716#1323.07
294	я	я	PRON	_	Case=Nom|Number=Sing|Person=1	_	_	_	@aok1990m-words#@aok1990m#1323.07#1323.424
295	такой	такой	DET	_	Case=Nom|Gender=Masc|Number=Sing	_	_	_	@aok1990m-words#@aok1990m#1323.424#1323.778
296	думаю	думать	VERB	_	Aspect=Imp|Mood=Ind|Number=Sing|Person=1|Tense=Pres|VerbForm=Fin|Voice=Act	_	_	_	@aok1990m-words#@aok1990m#1323.778#1324.132
297	/	/	PUNCT	_	_	_	_	_	@aok1990m-words#@aok1990m#1324.132#1324.486
298	ну	ну	INTJ	_	_	_	_	_	@aok1990m-words#@aok1990m#1324.486#1324.84
299	хули	хули	INTJ	_	_	_	_	_	@aok1990m-words#@aok1990m#1324.84#1325.194
300	я	я	PRON	_	Case=Nom|Number=Sing|Person=1	_	_	_	@aok1990m-words#@aok1990m#1325.194#1325.548
301	там	там	ADV	_	Degree=Pos	_	_	_	@aok1990m-words#@aok1990m#1325.548#1325.902
302	потерял	потерять	VERB	_	Aspect=Perf|Gender=Masc|Mood=Ind|Number=Sing|Tense=Past|VerbForm=Fin|Voice=Act	_	_	_	@aok1990m-words#@aok1990m#1325.902#1326.256
303	/	/	PUNCT	_	_	_	_	_	@aok1990m-words#@aok1990m#1326.256#1326.61
304	ну	ну	INTJ	_	_	_	_	_	@aok1990m-words#@aok1990m#1326.61#1326.964
305	че	что	PRON	_	Case=Nom	_	_	_	@aok1990m-words#@aok1990m#1326.964#1327.318
306	мне	я	PRON	_	Case=Dat|Number=Sing|Person=1	_	_	_	@aok1990m-words#@aok1990m#1327.318#1327.672
307	там	там	ADV	_	Degree=Pos	_	_	_	@aok1990m-words#@aok1990m#1327.672#1328.026
308	делать	делать	VERB	_	Aspect=Imp|VerbForm=Inf|Voice=Act	_	_	_	@aok1990m-words#@aok1990m#1328.026#1328.38
309	/	/	PUNCT	_	_	_	_	_	@aok1990m-words#@aok1990m#1328.38#1328.734
310	ебалом	ебало	NOUN	_	Animacy=Inan|Case=Ins|Gender=Neut|Number=Sing	_	_	_	@aok1990m-words#@aok1990m#1328.734#1329.088
311	торговать	торговать	VERB	_	Aspect=Imp|VerbForm=Inf|Voice=Act	_	_	_	@aok1990m-words#@aok1990m#1329.088#1329.46
312	ммм	ммм	INTJ	_	_	_	_	_	@aok1990m-words#@aok1990m#1330.076#1330.666
313	перехотел	перехотеть	VERB	_	Aspect=Perf|Gender=Masc|Mood=Ind|Number=Sing|Tense=Past|VerbForm=Fin|Voice=Act	_	_	_	@aok1990m-words#@aok1990m#1330.666#1331.256
314	/	/	PUNCT	_	_	_	_	_	@aok1990m-words#@aok1990m#1331.256#1331.846
315	передумал	передумать	VERB	_	Aspect=Perf|Gender=Masc|Mood=Ind|Number=Sing|Tense=Past|VerbForm=Fin|Voice=Act	_	_	_	@aok1990m-words#@aok1990m#1331.846#1332.436
316	/	/	PUNCT	_	_	_	_	_	@aok1990m-words#@aok1990m#1332.436#1333.026
317	то	то	PRON	_	Animacy=Inan|Case=Nom|Gender=Neut|Number=Sing	_	_	_	@aok1990m-words#@aok1990m#1333.026#1333.616
318	есть	быть	VERB	_	Aspect=Imp|Mood=Ind|Number=Sing|Person=3|Tense=Pres|VerbForm=Fin|Voice=Act	_	_	_	@aok1990m-words#@aok1990m#1333.616#1334.211
319	я	я	PRON	_	Case=Nom|Number=Sing|Person=1	_	_	_	@aok1990m-words#@aok1990m#1334.942#1335.244
320	не	не	PART	_	_	_	_	_	@aok1990m-words#@aok1990m#1335.244#1335.546
321	горел	гореть	VERB	_	Aspect=Imp|Gender=Masc|Mood=Ind|Number=Sing|Tense=Past|VerbForm=Fin|Voice=Act	_	_	_	@aok1990m-words#@aok1990m#1335.546#1335.848
322	этим	это	PRON	_	Animacy=Inan|Case=Ins|Gender=Neut|Number=Sing	_	_	_	@aok1990m-words#@aok1990m#1335.848#1336.15
323	я	я	PRON	_	Case=Nom|Number=Sing|Person=1	_	_	_	@aok1990m-words#@aok1990m#1336.15#1336.452
324	и	и	PART	_	_	_	_	_	@aok1990m-words#@aok1990m#1336.452#1336.754
325	говорю	говорить	VERB	_	Aspect=Imp|Mood=Ind|Number=Sing|Person=1|Tense=Pres|VerbForm=Fin|Voice=Act	_	_	_	@aok1990m-words#@aok1990m#1336.754#1337.056
326	я	я	PRON	_	Case=Nom|Number=Sing|Person=1	_	_	_	@aok1990m-words#@aok1990m#1337.056#1337.358
327	был	быть	VERB	_	Aspect=Imp|Gender=Masc|Mood=Ind|Number=Sing|Tense=Past|VerbForm=Fin|Voice=Act	_	_	_	@aok1990m-words#@aok1990m#1337.358#1337.66
328	в	в	ADP	_	_	_	_	_	@aok1990m-words#@aok1990m#1337.66#1337.962
329	раздумьях	раздумье	NOUN	_	Animacy=Inan|Case=Loc|Gender=Neut|Number=Plur	_	_	_	@aok1990m-words#@aok1990m#1337.962#1338.264
330	как	как	ADV	_	Degree=Pos	_	_	_	@aok1990m-words#@aok1990m#1338.264#1338.566
331	бы	бы	PART	_	_	_	_	_	@aok1990m-words#@aok1990m#1338.566#1338.868
332	ммм	ммм	INTJ	_	_	_	_	_	@aok1990m-words#@aok1990m#1338.868#1339.17
333	мешкался	мешкать	VERB	_	Aspect=Imp|Gender=Masc|Mood=Ind|Number=Sing|Tense=Past|VerbForm=Fin|Voice=Mid	_	_	_	@aok1990m-words#@aok1990m#1339.17#1339.472
334	мешкался	мешкать	VERB	_	Aspect=Imp|Gender=Masc|Mood=Ind|Number=Sing|Tense=Past|VerbForm=Fin|Voice=Mid	_	_	_	@aok1990m-words#@aok1990m#1339.472#1339.774
335	потом	потом	ADV	_	Degree=Pos	_	_	_	@aok1990m-words#@aok1990m#1339.774#1340.076
336	да	да	INTJ	_	_	_	_	_	@aok1990m-words#@aok1990m#1340.076#1340.378
337	нахуй	нахуй	ADV	_	Degree=Pos	_	_	_	@aok1990m-words#@aok1990m#1340.378#1340.68
338	хули	хули	INTJ	_	_	_	_	_	@aok1990m-words#@aok1990m#1340.68#1340.982
339	я	я	PRON	_	Case=Nom|Number=Sing|Person=1	_	_	_	@aok1990m-words#@aok1990m#1340.982#1341.284
340	там	там	ADV	_	Degree=Pos	_	_	_	@aok1990m-words#@aok1990m#1341.284#1341.586
341	потерял	терять	VERB	_	Aspect=Perf|Gender=Masc|Mood=Ind|Number=Sing|Tense=Past|VerbForm=Fin|Voice=Act	_	_	_	@aok1990m-words#@aok1990m#1341.586#1341.888
342	/	/	PUNCT	_	_	_	_	_	@aok1990m-words#@aok1990m#1341.888#1342.19
343	ну	ну	INTJ	_	_	_	_	_	@aok1990m-words#@aok1990m#1342.19#1342.492
344	чё	что	PRON	_	Animacy=Inan|Case=Acc|Gender=Neut|Number=Sing	_	_	_	@aok1990m-words#@aok1990m#1342.492#1342.794
345	чё	что	PRON	_	Animacy=Inan|Case=Acc|Gender=Neut|Number=Sing	_	_	_	@aok1990m-words#@aok1990m#1342.794#1343.096
346	я	я	PRON	_	Case=Nom|Number=Sing|Person=1	_	_	_	@aok1990m-words#@aok1990m#1343.096#1343.398
347	там	там	ADV	_	Degree=Pos	_	_	_	@aok1990m-words#@aok1990m#1343.398#1343.7
348	не	не	PART	_	_	_	_	_	@aok1990m-words#@aok1990m#1343.7#1344.002
349	видел	видеть	VERB	_	Aspect=Imp|Gender=Masc|Mood=Ind|Number=Sing|Tense=Past|VerbForm=Fin|Voice=Act	_	_	_	@aok1990m-words#@aok1990m#1344.002#1344.326
350	к...конечно	конечно	ADV	_	Degree=Pos	_	_	_	@aok1990m-words#@aok1990m#1344.903#1345.18
351	всех	все	PRON	_	Animacy=Anim|Case=Acc|Number=Plur	_	_	_	@aok1990m-words#@aok1990m#1345.18#1345.457
352	я	я	PRON	_	Case=Nom|Number=Sing|Person=1	_	_	_	@aok1990m-words#@aok1990m#1345.457#1345.734
353	там	там	ADV	_	Degree=Pos	_	_	_	@aok1990m-words#@aok1990m#1345.734#1346.011
354	не	не	PART	_	_	_	_	_	@aok1990m-words#@aok1990m#1346.011#1346.288
355	видел	видеть	VERB	_	Aspect=Imp|Gender=Masc|Mood=Ind|Number=Sing|Tense=Past|VerbForm=Fin|Voice=Act	_	_	_	@aok1990m-words#@aok1990m#1346.288#1346.565
356	и	и	CCONJ	_	_	_	_	_	@aok1990m-words#@aok1990m#1346.565#1346.842
357	всё	всё	PRON	_	Animacy=Inan|Case=Acc|Gender=Neut|Number=Sing	_	_	_	@aok1990m-words#@aok1990m#1346.842#1347.119
358	я	я	PRON	_	Case=Nom|Number=Sing|Person=1	_	_	_	@aok1990m-words#@aok1990m#1347.119#1347.396
359	там	там	ADV	_	Degree=Pos	_	_	_	@aok1990m-words#@aok1990m#1347.396#1347.673
360	не	не	PART	_	_	_	_	_	@aok1990m-words#@aok1990m#1347.673#1347.95
361	видел	видеть	VERB	_	Aspect=Imp|Gender=Masc|Mood=Ind|Number=Sing|Tense=Past|VerbForm=Fin|Voice=Act	_	_	_	@aok1990m-words#@aok1990m#1347.95#1348.227
362	/	/	PUNCT	_	_	_	_	_	@aok1990m-words#@aok1990m#1348.227#1348.504
363	но	но	CCONJ	_	_	_	_	_	@aok1990m-words#@aok1990m#1348.504#1348.781
364	нахуй	нахуй	ADV	_	Degree=Pos	_	_	_	@aok1990m-words#@aok1990m#1348.781#1349.058
365	мне	я	PRON	_	Case=Dat|Number=Sing|Person=1	_	_	_	@aok1990m-words#@aok1990m#1349.058#1349.335
366	это	это	PRON	_	Animacy=Inan|Case=Acc|Gender=Neut|Number=Sing	_	_	_	@aok1990m-words#@aok1990m#1349.335#1349.612
367	видеть	видеть	VERB	_	Aspect=Imp|VerbForm=Inf|Voice=Act	_	_	_	@aok1990m-words#@aok1990m#1349.612#1349.889
368	/	/	PUNCT	_	_	_	_	_	@aok1990m-words#@aok1990m#1349.889#1350.166
369	зачем	зачем	ADV	_	Degree=Pos	_	_	_	@aok1990m-words#@aok1990m#1350.166#1350.443
370	чтоб	чтобы	SCONJ	_	_	_	_	_	@aok1990m-words#@aok1990m#1350.443#1350.72
371	ещё	еще	ADV	_	Degree=Pos	_	_	_	@aok1990m-words#@aok1990m#1350.72#1350.997
372	больше	больше	ADV	_	Degree=Cmp	_	_	_	@aok1990m-words#@aok1990m#1350.997#1351.274
373	блять	блять	INTJ	_	_	_	_	_	@aok1990m-words#@aok1990m#1351.274#1351.551
374	шугаться	шугаться	VERB	_	Aspect=Imp|VerbForm=Inf|Voice=Mid	_	_	_	@aok1990m-words#@aok1990m#1351.551#1351.828
375	этого	это	PRON	_	Animacy=Inan|Case=Gen|Gender=Neut|Number=Sing	_	_	_	@aok1990m-words#@aok1990m#1351.828#1352.105
376	потом	потом	ADV	_	Degree=Pos	_	_	_	@aok1990m-words#@aok1990m#1352.105#1352.382
377	по	по	ADP	_	_	_	_	_	@aok1990m-words#@aok1990m#1352.382#1352.659
378	жизни	жизнь	NOUN	_	Animacy=Inan|Case=Dat|Gender=Fem|Number=Sing	_	_	_	@aok1990m-words#@aok1990m#1352.659#1352.942
379	да	да	PART	_	_	_	_	_	@aok1990m-words#@aok1990m#1356.153#1356.538
380	да	да	PART	_	_	_	_	_	@aok1990m-words#@aok1990m#1357.134#1357.778
381	да	да	PART	_	_	_	_	_	@aok1990m-words#@aok1990m#1357.778#1358.423
382	да	да	PART	_	_	_	_	_	@aok1990m-words#@aok1990m#1358.423#1358.961
383	так	так	PART	_	_	_	_	_	@aok1990m-words#@aok1990m#1368.076#1368.365
384	не	не	PART	_	_	_	_	_	@aok1990m-words#@aok1990m#1368.365#1368.654
385	было	быть	VERB	_	Aspect=Imp|Gender=Neut|Mood=Ind|Number=Sing|Tense=Past|VerbForm=Fin|Voice=Act	_	_	_	@aok1990m-words#@aok1990m#1368.654#1368.943
386	такого	такой	DET	_	Case=Gen|Gender=Masc|Number=Sing	_	_	_	@aok1990m-words#@aok1990m#1368.943#1369.232
387	что	что	SCONJ	_	_	_	_	_	@aok1990m-words#@aok1990m#1369.232#1369.521
388	я	я	PRON	_	Case=Nom|Number=Sing|Person=1	_	_	_	@aok1990m-words#@aok1990m#1369.521#1369.81
389	не	не	PART	_	_	_	_	_	@aok1990m-words#@aok1990m#1369.81#1370.099
390	хочу	хотеть	VERB	_	Aspect=Imp|Mood=Ind|Number=Sing|Person=1|Tense=Pres|VerbForm=Fin|Voice=Act	_	_	_	@aok1990m-words#@aok1990m#1370.099#1370.388
391	иметь	иметь	VERB	_	Aspect=Imp|VerbForm=Inf|Voice=Act	_	_	_	@aok1990m-words#@aok1990m#1370.388#1370.677
392	с	с	ADP	_	_	_	_	_	@aok1990m-words#@aok1990m#1370.677#1370.966
393	ними	они	PRON	_	Case=Ins|Number=Plur|Person=3	_	_	_	@aok1990m-words#@aok1990m#1370.966#1371.255
394	дела	дело	NOUN	_	Animacy=Inan|Case=Gen|Gender=Neut|Number=Sing	_	_	_	@aok1990m-words#@aok1990m#1371.255#1371.544
395	/	/	PUNCT	_	_	_	_	_	@aok1990m-words#@aok1990m#1371.544#1371.833
396	я	я	PRON	_	Case=Nom|Number=Sing|Person=1	_	_	_	@aok1990m-words#@aok1990m#1371.833#1372.122
397	не	не	PART	_	_	_	_	_	@aok1990m-words#@aok1990m#1372.122#1372.411
398	хочу	хотеть	VERB	_	Aspect=Imp|Mood=Ind|Number=Sing|Person=1|Tense=Pres|VerbForm=Fin|Voice=Act	_	_	_	@aok1990m-words#@aok1990m#1372.411#1372.7
399	идти	идти	VERB	_	Aspect=Imp|VerbForm=Inf|Voice=Act	_	_	_	@aok1990m-words#@aok1990m#1372.7#1372.989
400	на	на	ADP	_	_	_	_	_	@aok1990m-words#@aok1990m#1372.989#1373.278
401	тусу	туса	NOUN	_	Animacy=Inan|Case=Acc|Gender=Fem|Number=Sing	_	_	_	@aok1990m-words#@aok1990m#1373.278#1373.567
402	видеть	видеть	VERB	_	Aspect=Imp|VerbForm=Inf|Voice=Act	_	_	_	@aok1990m-words#@aok1990m#1373.567#1373.856
403	вот	вот	PART	_	_	_	_	_	@aok1990m-words#@aok1990m#1373.856#1374.145
404	этих	этот	DET	_	Case=Acc|Number=Plur	_	_	_	@aok1990m-words#@aok1990m#1374.145#1374.434
405	вот	вот	PART	_	_	_	_	_	@aok1990m-words#@aok1990m#1374.434#1374.723
406	людей	человек	NOUN	_	Animacy=Anim|Case=Acc|Gender=Masc|Number=Plur	_	_	_	@aok1990m-words#@aok1990m#1374.723#1375.012
407	эстрадников	эстрадник	NOUN	_	Animacy=Anim|Case=Acc|Gender=Masc|Number=Plur	_	_	_	@aok1990m-words#@aok1990m#1375.012#1375.301
408	там	там	ADV	_	Degree=Pos	_	_	_	@aok1990m-words#@aok1990m#1375.301#1375.59
409	всех	все	PRON	_	Animacy=Anim|Case=Acc|Number=Plur	_	_	_	@aok1990m-words#@aok1990m#1375.59#1375.903
410	я	я	PRON	_	Case=Nom|Number=Sing|Person=1	_	_	_	@aok1990m-words#@aok1990m#1375.942#1376.281
411	не	не	PART	_	_	_	_	_	@aok1990m-words#@aok1990m#1376.281#1376.62
412	то	то	PRON	_	Animacy=Inan|Case=Nom|Gender=Neut|Number=Sing	_	_	_	@aok1990m-words#@aok1990m#1376.62#1376.959
413	что	что	SCONJ	_	_	_	_	_	@aok1990m-words#@aok1990m#1376.959#1377.298
414	там	там	ADV	_	Degree=Pos	_	_	_	@aok1990m-words#@aok1990m#1377.298#1377.637
415	[нрзб]	[нрзб]	_	_	_	_	_	_	@aok1990m-words#@aok1990m#1377.637#1377.976
416	отношусь	относиться	VERB	_	Aspect=Imp|Mood=Ind|Number=Sing|Person=1|Tense=Pres|VerbForm=Fin|Voice=Mid	_	_	_	@aok1990m-words#@aok1990m#1377.976#1378.315
417	как-то	как-то	ADV	_	Degree=Pos	_	_	_	@aok1990m-words#@aok1990m#1378.315#1378.654
418	негативно	негативно	ADV	_	Degree=Pos	_	_	_	@aok1990m-words#@aok1990m#1378.654#1378.993
419	но	но	CCONJ	_	_	_	_	_	@aok1990m-words#@aok1990m#1378.993#1379.332
420	просто	просто	ADV	_	Degree=Pos	_	_	_	@aok1990m-words#@aok1990m#1379.332#1379.671
421	я	я	PRON	_	Case=Nom|Number=Sing|Person=1	_	_	_	@aok1990m-words#@aok1990m#1379.671#1380.01
422	посчитал	счесть	VERB	_	Aspect=Perf|Gender=Masc|Mood=Ind|Number=Sing|Tense=Past|VerbForm=Fin|Voice=Act	_	_	_	@aok1990m-words#@aok1990m#1380.01#1380.349
423	что	что	SCONJ	_	_	_	_	_	@aok1990m-words#@aok1990m#1380.349#1380.688
424	этот	этот	DET	_	Case=Nom|Gender=Masc|Number=Sing	_	_	_	@aok1990m-words#@aok1990m#1380.688#1381.027
425	вечер	вечер	NOUN	_	Animacy=Inan|Case=Nom|Gender=Masc|Number=Sing	_	_	_	@aok1990m-words#@aok1990m#1381.027#1381.366
426	не	не	PART	_	_	_	_	_	@aok1990m-words#@aok1990m#1381.366#1381.705
427	для	для	ADP	_	_	_	_	_	@aok1990m-words#@aok1990m#1381.705#1382.044
428	меня	я	PRON	_	Case=Gen|Number=Sing|Person=1	_	_	_	@aok1990m-words#@aok1990m#1382.044#1382.383
429	однозначно	однозначно	ADV	_	Degree=Pos	_	_	_	@aok1990m-words#@aok1990m#1382.383#1382.722
430	/	/	PUNCT	_	_	_	_	_	@aok1990m-words#@aok1990m#1382.722#1383.061
431	вот	вот	PART	_	_	_	_	_	@aok1990m-words#@aok1990m#1383.061#1383.4
432	этот	этот	DET	_	Case=Nom|Gender=Masc|Number=Sing	_	_	_	@aok1990m-words#@aok1990m#1383.4#1383.739
433	вот	вот	PART	_	_	_	_	_	@aok1990m-words#@aok1990m#1383.739#1384.078
434	парад	парад	NOUN	_	Animacy=Inan|Case=Nom|Gender=Masc|Number=Sing	_	_	_	@aok1990m-words#@aok1990m#1384.078#1384.417
435	еблоторговли	еблоторговля	NOUN	_	Animacy=Inan|Case=Gen|Gender=Fem|Number=Sing	_	_	_	@aok1990m-words#@aok1990m#1384.417#1384.756
436	#смеются#	#смеются#	_	_	_	_	_	_	@aok1990m-words#@aok1990m#1384.756#1385.096
437	как	как	PART	_	_	_	_	_	@aok1990m-words#@aok1990m#1385.23#1385.577
438	бы	бы	PART	_	_	_	_	_	@aok1990m-words#@aok1990m#1385.577#1385.924
439	наряжаться	наряжаться	VERB	_	Aspect=Imp|VerbForm=Inf|Voice=Mid	_	_	_	@aok1990m-words#@aok1990m#1385.924#1386.271
440	там	там	ADV	_	Degree=Pos	_	_	_	@aok1990m-words#@aok1990m#1386.271#1386.618
441	ну	ну	INTJ	_	_	_	_	_	@aok1990m-words#@aok1990m#1386.618#1386.965
442	просто	просто	ADV	_	Degree=Pos	_	_	_	@aok1990m-words#@aok1990m#1386.965#1387.312
443	многие	многий	PRON	_	Case=Nom|Gender=Neut|Number=Plur|Person=3	_	_	_	@aok1990m-words#@aok1990m#1387.312#1387.659
444	из	из	ADP	_	_	_	_	_	@aok1990m-words#@aok1990m#1387.659#1388.006
445	ряда	ряд	NOUN	_	Animacy=Inan|Case=Gen|Gender=Masc|Number=Sing	_	_	_	@aok1990m-words#@aok1990m#1388.006#1388.353
446	вон	вон	ADV	_	Degree=Pos	_	_	_	@aok1990m-words#@aok1990m#1388.353#1388.7
447	там	там	ADV	_	Degree=Pos	_	_	_	@aok1990m-words#@aok1990m#1388.7#1389.047
448	наряжаются	наряжаться	VERB	_	Aspect=Imp|Mood=Ind|Number=Plur|Person=3|Tense=Pres|VerbForm=Fin|Voice=Mid	_	_	_	@aok1990m-words#@aok1990m#1389.047#1389.394
449	нахуй	нахуй	ADV	_	Degree=Pos	_	_	_	@aok1990m-words#@aok1990m#1389.394#1389.741
450	оно	оно	PRON	_	Case=Nom|Gender=Neut|Number=Sing|Person=3	_	_	_	@aok1990m-words#@aok1990m#1389.741#1390.088
451	надо	надо	ADV	_	Degree=Pos	_	_	_	@aok1990m-words#@aok1990m#1390.088#1390.435
452	[нрзб]	[нрзб]	PUNCT	_	_	_	_	_	@aok1990m-words#@aok1990m#1390.435#1390.782
453	не	не	PART	_	_	_	_	_	@aok1990m-words#@aok1990m#1390.782#1391.129
454	сейчас	сейчас	ADV	_	Degree=Pos	_	_	_	@aok1990m-words#@aok1990m#1391.129#1391.476
455	не	не	PART	_	_	_	_	_	@aok1990m-words#@aok1990m#1391.476#1391.823
456	сегодня	сегодня	ADV	_	Degree=Pos	_	_	_	@aok1990m-words#@aok1990m#1391.823#1392.17
457	не	не	PART	_	_	_	_	_	@aok1990m-words#@aok1990m#1392.17#1392.517
458	для	для	ADP	_	_	_	_	_	@aok1990m-words#@aok1990m#1392.517#1392.864
459	меня	я	PRON	_	Case=Gen|Number=Sing|Person=1	_	_	_	@aok1990m-words#@aok1990m#1392.864#1393.23
460	#смеется#	#смеется#	_	_	_	_	_	_	@aok1990m-words#@aok1990m#1394.884#1396.173
461	угу	угу	INTJ	_	_	_	_	_	@aok1990m-words#@aok1990m#1413.076#1413.249
462	сводил	сводить	VERB	_	Aspect=Imp|Gender=Masc|Mood=Ind|Number=Sing|Tense=Past|VerbForm=Fin|Voice=Act	_	_	_	@aok1990m-words#@aok1990m#1415.923#1416.499
463	да	да	PART	_	_	_	_	_	@aok1990m-words#@aok1990m#1418.884#1419.194
464	/	/	PUNCT	_	_	_	_	_	@aok1990m-words#@aok1990m#1419.194#1419.504
465	вчера	вчера	ADV	_	Degree=Pos	_	_	_	@aok1990m-words#@aok1990m#1419.504#1419.814
466	мы	мы	PRON	_	Case=Nom|Number=Plur|Person=1	_	_	_	@aok1990m-words#@aok1990m#1419.814#1420.124
467	мастерили	мастерить	VERB	_	Aspect=Imp|Mood=Ind|Number=Plur|Tense=Past|VerbForm=Fin|Voice=Act	_	_	_	@aok1990m-words#@aok1990m#1420.124#1420.434
468	то	то	PRON	_	Animacy=Inan|Case=Nom|Gender=Neut|Number=Sing	_	_	_	@aok1990m-words#@aok1990m#1420.434#1420.744
469	есть	быть	VERB	_	Aspect=Imp|Mood=Ind|Number=Sing|Person=3|Tense=Pres|VerbForm=Fin|Voice=Act	_	_	_	@aok1990m-words#@aok1990m#1420.744#1421.057
470	сводил	сводить	VERB	_	Aspect=Imp|Gender=Masc|Mood=Ind|Number=Sing|Tense=Past|VerbForm=Fin|Voice=Act	_	_	_	@aok1990m-words#@aok1990m#1423.23#1423.942
471	сводил	сводить	VERB	_	Aspect=Imp|Gender=Masc|Mood=Ind|Number=Sing|Tense=Past|VerbForm=Fin|Voice=Act	_	_	_	@aok1990m-words#@aok1990m#1425.115#1425.846
472	#смеется#	#смеется#	_	_	_	_	_	_	@aok1990m-words#@aok1990m#1426.557#1427.865
473	месяц	месяц	NOUN	_	Animacy=Inan|Case=Acc|Gender=Masc|Number=Sing	_	_	_	@aok1990m-words#@aok1990m#1428.307#1428.691
474	этот	этот	DET	_	Case=Acc|Gender=Masc|Number=Sing	_	_	_	@aok1990m-words#@aok1990m#1428.691#1429.075
475	сводил	сводить	VERB	_	Aspect=Imp|Gender=Masc|Mood=Ind|Number=Sing|Tense=Past|VerbForm=Fin|Voice=Act	_	_	_	@aok1990m-words#@aok1990m#1429.075#1429.461
476	месяц	месяц	NOUN	_	Animacy=Inan|Case=Acc|Gender=Masc|Number=Sing	_	_	_	@aok1990m-words#@aok1990m#1430.365#1430.666
477	полтора	полтора	NUM	_	Case=Acc|Gender=Masc	_	_	_	@aok1990m-words#@aok1990m#1430.666#1430.967
478	/	/	PUNCT	_	_	_	_	_	@aok1990m-words#@aok1990m#1430.967#1431.268
479	где-то	где-то	ADV	_	Degree=Pos	_	_	_	@aok1990m-words#@aok1990m#1431.268#1431.569
480	только	только	PART	_	_	_	_	_	@aok1990m-words#@aok1990m#1431.569#1431.87
481	сводил	сводить	VERB	_	Aspect=Imp|Gender=Masc|Mood=Ind|Number=Sing|Tense=Past|VerbForm=Fin|Voice=Act	_	_	_	@aok1990m-words#@aok1990m#1431.87#1432.171
482	/	/	PUNCT	_	_	_	_	_	@aok1990m-words#@aok1990m#1432.171#1432.472
483	ну	ну	INTJ	_	_	_	_	_	@aok1990m-words#@aok1990m#1432.472#1432.773
484	в	в	ADP	_	_	_	_	_	@aok1990m-words#@aok1990m#1432.773#1433.074
485	принципе	принцип	NOUN	_	Animacy=Inan|Case=Loc|Gender=Masc|Number=Sing	_	_	_	@aok1990m-words#@aok1990m#1433.074#1433.375
486	другие	другой	DET	_	Case=Acc|Number=Plur	_	_	_	@aok1990m-words#@aok1990m#1433.375#1433.676
487	дни	день	NOUN	_	Animacy=Inan|Case=Nom|Gender=Masc|Number=Plur	_	_	_	@aok1990m-words#@aok1990m#1433.676#1433.977
488	не	не	PART	_	_	_	_	_	@aok1990m-words#@aok1990m#1433.977#1434.278
489	особо	особо	ADV	_	Degree=Pos	_	_	_	@aok1990m-words#@aok1990m#1434.278#1434.579
490	отличаются	отличаться	VERB	_	Aspect=Imp|Mood=Ind|Number=Plur|Person=3|Tense=Pres|VerbForm=Fin|Voice=Mid	_	_	_	@aok1990m-words#@aok1990m#1434.579#1434.884
491	я	я	PRON	_	Case=Nom|Number=Sing|Person=1	_	_	_	@aok1990m-words#@aok1990m#1434.903#1435.403
492	просыпаюсь	просыпаться	VERB	_	Aspect=Imp|Mood=Ind|Number=Sing|Person=1|Tense=Pres|VerbForm=Fin|Voice=Mid	_	_	_	@aok1990m-words#@aok1990m#1435.403#1435.903
493	от	от	ADP	_	_	_	_	_	@aok1990m-words#@aok1990m#1436.326#1436.603
494	семи	семь	NUM	_	Case=Gen	_	_	_	@aok1990m-words#@aok1990m#1436.603#1436.88
495	до	до	ADP	_	_	_	_	_	@aok1990m-words#@aok1990m#1436.88#1437.157
496	десяти	десять	NUM	_	Case=Gen	_	_	_	@aok1990m-words#@aok1990m#1437.157#1437.434
497	утра	утро	NOUN	_	Animacy=Inan|Case=Gen|Gender=Neut|Number=Sing	_	_	_	@aok1990m-words#@aok1990m#1437.434#1437.711
498	где-то	где-то	ADV	_	Degree=Pos	_	_	_	@aok1990m-words#@aok1990m#1437.711#1437.988
499	но	но	CCONJ	_	_	_	_	_	@aok1990m-words#@aok1990m#1437.988#1438.265
500	при	при	ADP	_	_	_	_	_	@aok1990m-words#@aok1990m#1438.265#1438.542
501	хуевом	хуевый	ADJ	_	Case=Loc|Degree=Pos|Gender=Masc|Number=Sing	_	_	_	@aok1990m-words#@aok1990m#1438.542#1438.819
502	раскладе	расклад	NOUN	_	Animacy=Inan|Case=Loc|Gender=Masc|Number=Sing	_	_	_	@aok1990m-words#@aok1990m#1438.819#1439.096
503	это	это	PRON	_	Animacy=Inan|Case=Nom|Gender=Neut|Number=Sing	_	_	_	@aok1990m-words#@aok1990m#1439.096#1439.373
504	десять	десять	NUM	_	Case=Nom	_	_	_	@aok1990m-words#@aok1990m#1439.373#1439.65
505	иногда	иногда	ADV	_	Degree=Pos	_	_	_	@aok1990m-words#@aok1990m#1439.65#1439.927
506	бывает	бывать	VERB	_	Aspect=Imp|Mood=Ind|Number=Sing|Person=3|Tense=Pres|VerbForm=Fin|Voice=Act	_	_	_	@aok1990m-words#@aok1990m#1439.927#1440.204
507	одиннадцать	одиннадцать	NUM	_	Case=Nom	_	_	_	@aok1990m-words#@aok1990m#1440.204#1440.481
508	вообще	вообще	ADV	_	Degree=Pos	_	_	_	@aok1990m-words#@aok1990m#1440.481#1440.758
509	при	при	ADP	_	_	_	_	_	@aok1990m-words#@aok1990m#1440.758#1441.035
510	хорошем	хороший	ADJ	_	Case=Loc|Degree=Pos|Gender=Masc|Number=Sing	_	_	_	@aok1990m-words#@aok1990m#1441.035#1441.312
511	раскладе	расклад	NOUN	_	Animacy=Inan|Case=Loc|Gender=Masc|Number=Sing	_	_	_	@aok1990m-words#@aok1990m#1441.312#1441.589
512	в	в	ADP	_	_	_	_	_	@aok1990m-words#@aok1990m#1441.589#1441.866
513	шесть	шесть	NUM	_	Case=Acc	_	_	_	@aok1990m-words#@aok1990m#1441.866#1442.143
514	семь	семь	NUM	_	Case=Acc	_	_	_	@aok1990m-words#@aok1990m#1442.143#1442.42
515	я	я	PRON	_	Case=Nom|Number=Sing|Person=1	_	_	_	@aok1990m-words#@aok1990m#1442.42#1442.697
516	встаю	встать	VERB	_	Aspect=Imp|Mood=Ind|Number=Sing|Person=1|Tense=Pres|VerbForm=Fin|Voice=Act	_	_	_	@aok1990m-words#@aok1990m#1442.697#1442.974
517	то	то	PRON	_	Animacy=Inan|Case=Nom|Gender=Neut|Number=Sing	_	_	_	@aok1990m-words#@aok1990m#1442.974#1443.251
518	есть	быть	VERB	_	Aspect=Imp|Mood=Ind|Number=Sing|Person=3|Tense=Pres|VerbForm=Fin|Voice=Act	_	_	_	@aok1990m-words#@aok1990m#1443.251#1443.528
519	у	у	ADP	_	_	_	_	_	@aok1990m-words#@aok1990m#1443.528#1443.805
520	меня	я	PRON	_	Case=Gen|Number=Sing|Person=1	_	_	_	@aok1990m-words#@aok1990m#1443.805#1444.082
521	там	там	ADV	_	Degree=Pos	_	_	_	@aok1990m-words#@aok1990m#1444.082#1444.384
522	полчаса	полчаса	NOUN	_	Animacy=Inan|Case=Nom|Gender=Masc|Number=Sing	_	_	_	@aok1990m-words#@aok1990m#1444.923#1445.298
523	посидеть	посидеть	VERB	_	Aspect=Perf|VerbForm=Inf|Voice=Act	_	_	_	@aok1990m-words#@aok1990m#1445.298#1445.673
524	поковыряться	поковыряться	VERB	_	Aspect=Perf|VerbForm=Inf|Voice=Mid	_	_	_	@aok1990m-words#@aok1990m#1445.673#1446.048
525	в	в	ADP	_	_	_	_	_	@aok1990m-words#@aok1990m#1446.048#1446.423
526	телефоне	телефон	NOUN	_	Animacy=Inan|Case=Loc|Gender=Masc|Number=Sing	_	_	_	@aok1990m-words#@aok1990m#1446.423#1446.798
527	посмотреть	посмотреть	VERB	_	Aspect=Perf|VerbForm=Inf|Voice=Act	_	_	_	@aok1990m-words#@aok1990m#1446.798#1447.173
528	/	/	PUNCT	_	_	_	_	_	@aok1990m-words#@aok1990m#1447.173#1447.548
529	чё	что	NOUN	_	Case=Nom	_	_	_	@aok1990m-words#@aok1990m#1447.548#1447.923
530	там	там	ADV	_	Degree=Pos	_	_	_	@aok1990m-words#@aok1990m#1447.923#1448.298
531	происходит	происходить	VERB	_	Aspect=Imp|Mood=Ind|Number=Sing|Person=3|Tense=Pres|VerbForm=Fin|Voice=Act	_	_	_	@aok1990m-words#@aok1990m#1448.298#1448.673
532	кто	кто	PRON	_	Case=Nom	_	_	_	@aok1990m-words#@aok1990m#1448.673#1449.048
533	мне	я	PRON	_	Case=Dat|Number=Sing|Person=1	_	_	_	@aok1990m-words#@aok1990m#1449.048#1449.423
534	что	что	PRON	_	Case=Acc	_	_	_	@aok1990m-words#@aok1990m#1449.423#1449.798
535	/	/	PUNCT	_	_	_	_	_	@aok1990m-words#@aok1990m#1449.798#1450.173
536	написал	написать	VERB	_	Aspect=Perf|Gender=Masc|Mood=Ind|Number=Sing|Tense=Past|VerbForm=Fin|Voice=Act	_	_	_	@aok1990m-words#@aok1990m#1450.173#1450.548
537	вдруг	вдруг	ADV	_	Degree=Pos	_	_	_	@aok1990m-words#@aok1990m#1450.548#1450.923
538	/	/	PUNCT	_	_	_	_	_	@aok1990m-words#@aok1990m#1450.923#1451.298
539	по	по	ADP	_	_	_	_	_	@aok1990m-words#@aok1990m#1451.298#1451.673
540	работе	работа	NOUN	_	Animacy=Inan|Case=Dat|Gender=Fem|Number=Sing	_	_	_	@aok1990m-words#@aok1990m#1451.673#1452.048
541	там	там	ADV	_	Degree=Pos	_	_	_	@aok1990m-words#@aok1990m#1452.048#1452.423
542	что-то	что-то	PRON	_	Case=Acc	_	_	_	@aok1990m-words#@aok1990m#1452.423#1452.798
543	заметить	заметить	VERB	_	Aspect=Perf|VerbForm=Inf|Voice=Act	_	_	_	@aok1990m-words#@aok1990m#1452.798#1453.173
544	там	там	ADV	_	Degree=Pos	_	_	_	@aok1990m-words#@aok1990m#1453.173#1453.548
545	зачистить	зачистить	VERB	_	Aspect=Perf|VerbForm=Inf|Voice=Act	_	_	_	@aok1990m-words#@aok1990m#1453.548#1453.923
546	всякую	всякий	DET	_	Case=Acc|Gender=Fem|Number=Sing	_	_	_	@aok1990m-words#@aok1990m#1453.923#1454.298
547	хуйню	хуйня	NOUN	_	Animacy=Inan|Case=Acc|Gender=Fem|Number=Sing	_	_	_	@aok1990m-words#@aok1990m#1454.298#1454.673
548	то	то	PRON	_	Animacy=Inan|Case=Nom|Gender=Neut|Number=Sing	_	_	_	@aok1990m-words#@aok1990m#1454.769#1455.199
549	есть	быть	VERB	_	Aspect=Imp|Mood=Ind|Number=Sing|Person=3|Tense=Pres|VerbForm=Fin|Voice=Act	_	_	_	@aok1990m-words#@aok1990m#1455.199#1455.629
550	я	я	PRON	_	Case=Nom|Number=Sing|Person=1	_	_	_	@aok1990m-words#@aok1990m#1455.629#1456.059
551	еще	еще	ADV	_	Degree=Pos	_	_	_	@aok1990m-words#@aok1990m#1456.059#1456.489
552	зачищаю	зачищать	VERB	_	Aspect=Imp|Mood=Ind|Number=Sing|Person=1|Tense=Pres|VerbForm=Fin|Voice=Act	_	_	_	@aok1990m-words#@aok1990m#1456.489#1456.919
553	всякую	всякий	DET	_	Case=Acc|Gender=Fem|Number=Sing	_	_	_	@aok1990m-words#@aok1990m#1456.919#1457.349
554	хуету	хуета	NOUN	_	Animacy=Inan|Case=Acc|Gender=Fem|Number=Sing	_	_	_	@aok1990m-words#@aok1990m#1457.349#1457.779
555	в	в	ADP	_	_	_	_	_	@aok1990m-words#@aok1990m#1457.779#1458.209
556	соцсетях	соцсеть	NOUN	_	Animacy=Inan|Case=Loc|Gender=Fem|Number=Plur	_	_	_	@aok1990m-words#@aok1990m#1458.209#1458.639
557	сам	сам	PRON	_	Case=Nom	_	_	_	@aok1990m-words#@aok1990m#1458.639#1459.076
558	ну	ну	INTJ	_	_	_	_	_	@aok1990m-words#@aok1990m#1461.249#1461.582
559	типа	типа	PART	_	_	_	_	_	@aok1990m-words#@aok1990m#1461.582#1461.915
560	да	да	PART	_	_	_	_	_	@aok1990m-words#@aok1990m#1461.915#1462.249
561	там	там	ADV	_	Degree=Pos	_	_	_	@aok1990m-words#@aok1990m#1462.692#1463.079
562	блокирую	блокировать	VERB	_	Aspect=Imp|Mood=Ind|Number=Sing|Person=1|Tense=Pres|VerbForm=Fin|Voice=Act	_	_	_	@aok1990m-words#@aok1990m#1463.079#1463.466
563	людей	человек	NOUN	_	Animacy=Anim|Case=Acc|Number=Plur	_	_	_	@aok1990m-words#@aok1990m#1463.466#1463.853
564	по	по	ADP	_	_	_	_	_	@aok1990m-words#@aok1990m#1463.853#1464.24
565	пачкам	пачка	NOUN	_	Animacy=Inan|Case=Dat|Gender-Fem|Number=Plur	_	_	_	@aok1990m-words#@aok1990m#1464.24#1464.627
566	пачками	пачка	NOUN	_	Animacy=Inan|Case=Ins|Gender=Fem|Number=Plur	_	_	_	@aok1990m-words#@aok1990m#1464.627#1465.014
567	блять	блять	INTJ	_	_	_	_	_	@aok1990m-words#@aok1990m#1465.014#1465.403
568	и	и	CCONJ	_	_	_	_	_	@aok1990m-words#@aok1990m#1466.365#1466.58
569	вот	вот	PART	_	_	_	_	_	@aok1990m-words#@aok1990m#1466.58#1466.795
570	/	/	PUNCT	_	_	_	_	_	@aok1990m-words#@aok1990m#1466.795#1467.01
571	ну	ну	INTJ	_	_	_	_	_	@aok1990m-words#@aok1990m#1467.01#1467.225
572	полчаса	полчаса	NOUN	_	Animacy=Inan|Case=Nom|Gender=Masc|Number=Sing	_	_	_	@aok1990m-words#@aok1990m#1467.225#1467.44
573	у	у	ADP	_	_	_	_	_	@aok1990m-words#@aok1990m#1467.44#1467.655
574	меня	я	PRON	_	Case=Gen|Number=Sing|Person=1	_	_	_	@aok1990m-words#@aok1990m#1467.655#1467.87
575	там	там	ADV	_	Degree=Pos	_	_	_	@aok1990m-words#@aok1990m#1467.87#1468.085
576	уходит	уходить	VERB	_	Aspect=Imp|Mood=Ind|Number=Sing|Person=3|Tense=Pres|VerbForm=Fin|Voice=Act	_	_	_	@aok1990m-words#@aok1990m#1468.085#1468.3
577	на	на	ADP	_	_	_	_	_	@aok1990m-words#@aok1990m#1468.3#1468.515
578	это	это	PRON	_	Animacy=Inan|Case=Acc|Gender=Neut|Number=Sing	_	_	_	@aok1990m-words#@aok1990m#1468.515#1468.73
579	поковыряться	поковыряться	VERB	_	Aspect=Perf|VerbForm=Inf|Voice=Mid	_	_	_	@aok1990m-words#@aok1990m#1468.73#1468.945
580	в	в	ADP	_	_	_	_	_	@aok1990m-words#@aok1990m#1468.945#1469.16
581	себя	себя	PRON	_	Case=Acc	_	_	_	@aok1990m-words#@aok1990m#1469.16#1469.375
582	прийти	прийти	VERB	_	Aspect=Perf|VerbForm=Inf|Voice=Act	_	_	_	@aok1990m-words#@aok1990m#1469.375#1469.59
583	там	там	ADV	_	Degree=Pos	_	_	_	@aok1990m-words#@aok1990m#1469.59#1469.805
584	разминочку	разминочка	NOUN	_	Animacy=Inan|Case=Acc|Gender=Fem|Number=Sing	_	_	_	@aok1990m-words#@aok1990m#1469.805#1470.02
585	и	и	CCONJ	_	_	_	_	_	@aok1990m-words#@aok1990m#1470.02#1470.235
586	всё	всё	PRON	_	Animacy=Inan|Case=Nom|Gender=Neut|Number=Sing	_	_	_	@aok1990m-words#@aok1990m#1470.235#1470.45
587	в	в	ADP	_	_	_	_	_	@aok1990m-words#@aok1990m#1470.45#1470.665
588	студию	студия	NOUN	_	Animacy=Inan|Case=Acc|Gender=Fem|Number=Sing	_	_	_	@aok1990m-words#@aok1990m#1470.665#1470.884
589	ну	ну	INTJ	_	_	_	_	_	@aok1990m-words#@aok1990m#1473.769#1473.992
590	у	у	ADP	_	_	_	_	_	@aok1990m-words#@aok1990m#1473.992#1474.215
591	меня	я	PRON	_	Case=Gen|Number=Sing|Person=1	_	_	_	@aok1990m-words#@aok1990m#1474.215#1474.438
592	дома	дома	ADV	_	Degree=Pos	_	_	_	@aok1990m-words#@aok1990m#1474.438#1474.661
593	студия	студия	NOUN	_	Animacy=Inan|Case=Nom|Gender=Fem|Number=Sing	_	_	_	@aok1990m-words#@aok1990m#1474.661#1474.884
594	/	/	PUNCT	_	_	_	_	_	@aok1990m-words#@aok1990m#1474.884#1475.107
595	в	в	ADP	_	_	_	_	_	@aok1990m-words#@aok1990m#1475.107#1475.33
596	подвале	подвал	NOUN	_	Animacy=Inan|Case=Loc|Gender=Masc|Number=Sing	_	_	_	@aok1990m-words#@aok1990m#1475.33#1475.557
597	да	да	PART	_	_	_	_	_	@aok1990m-words#@aok1990m#1476.307#1476.711
598	да	да	PART	_	_	_	_	_	@aok1990m-words#@aok1990m#1478.173#1478.653
599	#угукает#	#угукает#	_	_	_	_	_	_	@aok1990m-words#@aok1990m#1481.48#1481.638
600	#в#	#в#	_	_	_	_	_	_	@aok1990m-words#@aok1990m#1481.638#1481.796
601	#знак#	#знак#	_	_	_	_	_	_	@aok1990m-words#@aok1990m#1481.796#1481.954
602	#подтверждения#	#подтверждения#	_	_	_	_	_	_	@aok1990m-words#@aok1990m#1481.954#1482.115
603	я	я	PRON	_	Case=Nom|Number=Sing|Person=1	_	_	_	@aok1990m-words#@aok1990m#1482.846#1483.103
604	вообще	вообще	ADV	_	Degree=Pos	_	_	_	@aok1990m-words#@aok1990m#1483.103#1483.36
605	щас	сейчас	ADV	_	Degree=Pos	_	_	_	@aok1990m-words#@aok1990m#1483.36#1483.617
606	вот	вот	PART	_	_	_	_	_	@aok1990m-words#@aok1990m#1483.617#1483.874
607	крайний	крайний	ADJ	_	Animacy=Inan|Case=Acc|Degree=Pos|Gender=Masc|Number=Sing	_	_	_	@aok1990m-words#@aok1990m#1483.874#1484.131
608	раз	раз	NOUN	_	Animacy=Inan|Case=Acc|Gender=Masc|Number=Sing	_	_	_	@aok1990m-words#@aok1990m#1484.131#1484.388
609	/	/	PUNCT	_	_	_	_	_	@aok1990m-words#@aok1990m#1484.388#1484.645
610	до	до	ADP	_	_	_	_	_	@aok1990m-words#@aok1990m#1484.645#1484.902
611	этого	это	PRON	_	Animacy=Inan|Case=Gen|Gender=Neut|Number=Sing	_	_	_	@aok1990m-words#@aok1990m#1484.902#1485.159
612	/	/	PUNCT	_	_	_	_	_	@aok1990m-words#@aok1990m#1485.159#1485.416
613	когда	когда	SCONJ	_	_	_	_	_	@aok1990m-words#@aok1990m#1485.416#1485.673
614	полтора	полтора	NUM	_	Case=Gen|Gender=Masc	_	_	_	@aok1990m-words#@aok1990m#1485.673#1485.93
615	месяца	месяц	NOUN	_	Animacy=Inan|Case=Gen|Gender=Masc|Number=Sing	_	_	_	@aok1990m-words#@aok1990m#1485.93#1486.187
616	назад	назад	ADV	_	Degree=Pos	_	_	_	@aok1990m-words#@aok1990m#1486.187#1486.444
617	или	или	CCONJ	_	_	_	_	_	@aok1990m-words#@aok1990m#1486.444#1486.701
618	месяц	месяц	NOUN	_	Animacy=Inan|Case=Acc|Gender=Masc|Number=Sing	_	_	_	@aok1990m-words#@aok1990m#1486.701#1486.958
619	назад	назад	ADV	_	Degree=Pos	_	_	_	@aok1990m-words#@aok1990m#1486.958#1487.215
620	был	быть	VERB	_	Aspect=Imp|Gender=Masc|Mood=Ind|Number=Sing|Tense=Past|VerbForm=Fin|Voice=Act	_	_	_	@aok1990m-words#@aok1990m#1487.215#1487.472
621	на	на	ADP	_	_	_	_	_	@aok1990m-words#@aok1990m#1487.472#1487.729
622	газе	газ	NOUN	_	Animacy=Inan|Case=Loc|Gender=Masc|Number=Sing	_	_	_	@aok1990m-words#@aok1990m#1487.729#1487.986
623	для	для	ADP	_	_	_	_	_	@aok1990m-words#@aok1990m#1487.986#1488.243
624	меня	я	PRON	_	Case=Gen|Number=Sing|Person=1	_	_	_	@aok1990m-words#@aok1990m#1488.243#1488.5
625	это	это	PRON	_	Animacy=Inan|Case=Nom|Gender=Neut|Number=Sing	_	_	_	@aok1990m-words#@aok1990m#1488.5#1488.757
626	ну	ну	INTJ	_	_	_	_	_	@aok1990m-words#@aok1990m#1488.757#1489.014
627	очень	очень	ADV	_	Degree=Pos	_	_	_	@aok1990m-words#@aok1990m#1489.014#1489.271
628	долго	долго	ADV	_	Degree=Pos	_	_	_	@aok1990m-words#@aok1990m#1489.271#1489.528
629	вообще	вообще	ADV	_	Degree=Pos	_	_	_	@aok1990m-words#@aok1990m#1489.528#1489.785
630	сейчас	сейчас	ADV	_	Degree=Pos	_	_	_	@aok1990m-words#@aok1990m#1489.785#1490.057
631	ооо	ооо	INTJ	_	_	_	_	_	@aok1990m-words#@aok1990m#1493.192#1493.807
632	уф	уф	INTJ	_	_	_	_	_	@aok1990m-words#@aok1990m#1493.807#1494.422
633	я	я	PRON	_	Case=Nom|Number=Sing|Person=1	_	_	_	@aok1990m-words#@aok1990m#1494.422#1495.037
634	не	не	PART	_	_	_	_	_	@aok1990m-words#@aok1990m#1495.037#1495.652
635	знаю	знать	VERB	_	Aspect=Imp|Mood=Ind|Number=Sing|Person=1|Tense=Pres|VerbForm=Fin|Voice=Act	_	_	_	@aok1990m-words#@aok1990m#1495.652#1496.267
636	/	/	PUNCT	_	_	_	_	_	@aok1990m-words#@aok1990m#1496.267#1496.882
637	ммм	ммм	INTJ	_	_	_	_	_	@aok1990m-words#@aok1990m#1496.882#1497.497
638	нормально	нормально	ADV	_	Degree=Pos	_	_	_	@aok1990m-words#@aok1990m#1497.497#1498.115
639	да	да	PART	_	_	_	_	_	@aok1990m-words#@aok1990m#1499.519#1499.951
640	конечно	конечно	ADV	_	_	_	_	_	@aok1990m-words#@aok1990m#1499.951#1500.384
641	в	в	ADP	_	_	_	_	_	@aok1990m-words#@aok1990m#1500.673#1500.968
642	павлодаре	Павлодар	PROPN	_	Animacy=Inan|Case=Loc|Gender=Masc|Number=Sing	_	_	_	@aok1990m-words#@aok1990m#1500.968#1501.263
643	в	в	ADP	_	_	_	_	_	@aok1990m-words#@aok1990m#1501.263#1501.558
644	павлодаре	Павлодар	PROPN	_	Animacy=Inan|Case=Loc|Gender=Masc|Number=Sing	_	_	_	@aok1990m-words#@aok1990m#1501.558#1501.853
645	было	быть	VERB	_	Aspect=Imp|Gender=Neut|Mood=Ind|Number=Sing|Tense=Past|VerbForm=Fin|Voice=Act	_	_	_	@aok1990m-words#@aok1990m#1501.853#1502.148
646	вообще	вообще	ADV	_	Degree=Pos	_	_	_	@aok1990m-words#@aok1990m#1502.148#1502.443
647	/	/	PUNCT	_	_	_	_	_	@aok1990m-words#@aok1990m#1502.443#1502.738
648	то	то	PRON	_	Animacy=Inan|Case=Nom|Gender=Neut|Number=Sing	_	_	_	@aok1990m-words#@aok1990m#1502.738#1503.033
649	есть	быть	VERB	_	Aspect=Imp|Mood=Ind|Number=Sing|Person=3|Tense=Pres|VerbForm=Fin|Voice=Act	_	_	_	@aok1990m-words#@aok1990m#1503.033#1503.328
650	/	/	PUNCT	_	_	_	_	_	@aok1990m-words#@aok1990m#1503.328#1503.623
651	бывало	бывать	VERB	_	Aspect=Imp|Gender=Neut|Mood=Ind|Number=Sing|Tense=Past|VerbForm=Fin|Voice=Act	_	_	_	@aok1990m-words#@aok1990m#1503.623#1503.918
652	две	два	NUM	_	Animacy=Inan|Case=Nom|Gender=Fem	_	_	_	@aok1990m-words#@aok1990m#1503.918#1504.213
653	недели	неделя	NOUN	_	Animacy=Inan|Case=Nom|Gender=Fem|Number=Plur	_	_	_	@aok1990m-words#@aok1990m#1504.213#1504.519
654	там	там	ADV	_	Degree=Pos	_	_	_	@aok1990m-words#@aok1990m#1504.73#1504.996
655	две	два	NUM	_	Animacy=Inan|Case=Nom|Gender=Fem	_	_	_	@aok1990m-words#@aok1990m#1504.996#1505.262
656	с	с	ADP	_	_	_	_	_	@aok1990m-words#@aok1990m#1505.262#1505.528
657	чем-то	что-то	PRON	_	Case=Ins	_	_	_	@aok1990m-words#@aok1990m#1505.528#1505.794
658	/	/	PUNCT	_	_	_	_	_	@aok1990m-words#@aok1990m#1505.794#1506.06
659	я	я	PRON	_	Case=Nom|Number=Sing|Person=1	_	_	_	@aok1990m-words#@aok1990m#1506.06#1506.326
660	не	не	PART	_	_	_	_	_	@aok1990m-words#@aok1990m#1506.326#1506.592
661	помню	помнить	VERB	_	Aspect=Imp|Mood=Ind|Number=Sing|Person=1|Tense=Pres|VerbForm=Fin|Voice=Act	_	_	_	@aok1990m-words#@aok1990m#1506.592#1506.858
662	/	/	PUNCT	_	_	_	_	_	@aok1990m-words#@aok1990m#1506.858#1507.124
663	но	но	CCONJ	_	_	_	_	_	@aok1990m-words#@aok1990m#1507.124#1507.39
664	большие	большой	ADJ	_	Animacy=Inan|Case=Nom|Degree=Pos|Number=Plur	_	_	_	@aok1990m-words#@aok1990m#1507.39#1507.656
665	сроки	срок	NOUN	_	Animacy=Inan|Case=Nom|Gender=Masc|Number=Plur	_	_	_	@aok1990m-words#@aok1990m#1507.656#1507.923
666	то	то	PRON	_	Animacy=Inan|Case=Nom|Gender=Neut|Number=Sing	_	_	_	@aok1990m-words#@aok1990m#1508.576#1508.826
667	есть	быть	VERB	_	Aspect=Imp|Mood=Ind|Number=Sing|Person=3|Tense=Pres|VerbForm=Fin|Voice=Act	_	_	_	@aok1990m-words#@aok1990m#1508.826#1509.076
668	да	да	PART	_	_	_	_	_	@aok1990m-words#@aok1990m#1509.076#1509.326
669	да	да	PART	_	_	_	_	_	@aok1990m-words#@aok1990m#1509.326#1509.576
670	мм	ммм	INTJ	_	_	_	_	_	@aok1990m-words#@aok1990m#1583.461#1583.779
671	очень	очень	ADV	_	Degree=Pos	_	_	_	@aok1990m-words#@aok1990m#1583.779#1584.097
672	/	/	PUNCT	_	_	_	_	_	@aok1990m-words#@aok1990m#1584.097#1584.415
673	очень	очень	ADV	_	Degree=Pos	_	_	_	@aok1990m-words#@aok1990m#1584.415#1584.733
674	трудно	трудно	ADV	_	Degree=Pos	_	_	_	@aok1990m-words#@aok1990m#1584.733#1585.051
675	у	у	ADP	_	_	_	_	_	@aok1990m-words#@aok1990m#1585.051#1585.369
676	меня	я	PRON	_	Case=Gen|Number=Sing|Person=1	_	_	_	@aok1990m-words#@aok1990m#1585.369#1585.687
677	с	с	ADP	_	_	_	_	_	@aok1990m-words#@aok1990m#1585.687#1586.005
678	этим	это	PRON	_	Animacy=Inan|Case=Ins|Gender=Neut|Number=Sing	_	_	_	@aok1990m-words#@aok1990m#1586.005#1586.323
679	/	/	PUNCT	_	_	_	_	_	@aok1990m-words#@aok1990m#1586.323#1586.641
680	единственное	единственный	ADJ	_	Case=Nom|Degree=Pos|Gender=Neut|Number=Sing	_	_	_	@aok1990m-words#@aok1990m#1586.641#1586.959
681	/	/	PUNCT	_	_	_	_	_	@aok1990m-words#@aok1990m#1586.959#1587.277
682	я	я	PRON	_	Case=Nom|Number=Sing|Person=1	_	_	_	@aok1990m-words#@aok1990m#1587.277#1587.595
683	люблю	любить	VERB	_	Aspect=Imp|Mood=Ind|Number=Sing|Person=1|Tense=Pres|VerbForm=Fin|Voice=Act	_	_	_	@aok1990m-words#@aok1990m#1587.595#1587.913
684	телевизор	телевизор	NOUN	_	Animacy=Inan|Case=Acc|Gender=Masc|Number=Sing	_	_	_	@aok1990m-words#@aok1990m#1587.913#1588.231
685	очень	очень	ADV	_	Degree=Pos	_	_	_	@aok1990m-words#@aok1990m#1588.231#1588.557
686	то	то	PRON	_	Animacy=Inan|Case=Nom|Gender=Neut|Number=Sing	_	_	_	@aok1990m-words#@aok1990m#1589.403#1589.637
687	есть	быть	VERB	_	Aspect=Imp|Mood=Ind|Number=Sing|Person=3|Tense=Pres|VerbForm=Fin|Voice=Act	_	_	_	@aok1990m-words#@aok1990m#1589.637#1589.871
688	для	для	ADP	_	_	_	_	_	@aok1990m-words#@aok1990m#1589.871#1590.105
689	меня	я	PRON	_	Case=Gen|Number=Sing|Person=1	_	_	_	@aok1990m-words#@aok1990m#1590.105#1590.339
690	это	это	PRON	_	Animacy=Inan|Case=Nom|Gender=Neut|Number=Sing	_	_	_	@aok1990m-words#@aok1990m#1590.339#1590.573
691	отдушина	отдушина	NOUN	_	Animacy=Inan|Case=Nom|Gender=Fem|Number=Sing	_	_	_	@aok1990m-words#@aok1990m#1590.573#1590.807
692	такая	такой	DET	_	Case=Nom|Gender=Fem|Number=Sing	_	_	_	@aok1990m-words#@aok1990m#1590.807#1591.041
693	/	/	PUNCT	_	_	_	_	_	@aok1990m-words#@aok1990m#1591.041#1591.275
694	я	я	PRON	_	Case=Nom|Number=Sing|Person=1	_	_	_	@aok1990m-words#@aok1990m#1591.275#1591.509
695	могу	мочь	VERB	_	Aspect=Imp|Mood=Ind|Number=Sing|Person=1|Tense=Pres|VerbForm=Fin|Voice=Act	_	_	_	@aok1990m-words#@aok1990m#1591.509#1591.743
696	смотреть	смотреть	VERB	_	Aspect=Imp|VerbForm=Inf|Voice=Act	_	_	_	@aok1990m-words#@aok1990m#1591.743#1591.977
697	вообще	вообще	ADV	_	Degree=Pos	_	_	_	@aok1990m-words#@aok1990m#1591.977#1592.211
698	всякую	всякий	DET	_	Case=Acc|Gender=Fem|Number=Sing	_	_	_	@aok1990m-words#@aok1990m#1592.211#1592.445
699	хуйню	хуйня	NOUN	_	Animacy=Inan|Case=Acc|Gender=Fem|Number=Sing	_	_	_	@aok1990m-words#@aok1990m#1592.445#1592.692
700	там	там	ADV	_	Degree=Pos	_	_	_	@aok1990m-words#@aok1990m#1593.596#1594.009
701	вплоть	вплоть	ADV	_	Degree=Pos	_	_	_	@aok1990m-words#@aok1990m#1594.009#1594.422
702	до	до	ADP	_	_	_	_	_	@aok1990m-words#@aok1990m#1594.422#1594.835
703	каких-нибудь	какой-нибудь	DET	_	Case=Gen|Number=Plur	_	_	_	@aok1990m-words#@aok1990m#1594.835#1595.248
704	букиных	Букины	PROPN	_	Animacy=Anim|Case=Gen|Number=Plur	_	_	_	@aok1990m-words#@aok1990m#1595.248#1595.661
705	блять	блять	INTJ	_	_	_	_	_	@aok1990m-words#@aok1990m#1595.661#1596.074
706	скажем	сказать	VERB	_	Aspect=Perf|Mood=Ind|Number=Plur|Person=1|Tense=Fut|VerbForm=Fin|Voice=Act	_	_	_	@aok1990m-words#@aok1990m#1596.074#1596.487
707	вот	вот	PART	_	_	_	_	_	@aok1990m-words#@aok1990m#1596.487#1596.903
708	ну	ну	PART	_	_	_	_	_	@aok1990m-words#@aok1990m#1598.115#1598.399
709	это	этот	PRON	_	Animacy=Inan|Case=Nom|Gender=Neut|Number=Sing	_	_	_	@aok1990m-words#@aok1990m#1598.399#1598.683
710	сериал	сериал	NOUN	_	Animacy=Inan|Case=Nom|Gender=Masc|Number=Sing	_	_	_	@aok1990m-words#@aok1990m#1598.683#1598.967
711	старый	старый	ADJ	_	Case=Nom|Degree=Pos|Gender=Masc|Number=Sing	_	_	_	@aok1990m-words#@aok1990m#1598.967#1599.251
712	/	/	PUNCT	_	_	_	_	_	@aok1990m-words#@aok1990m#1599.251#1599.535
713	это	это	PRON	_	Animacy=Inan|Case=Nom|Gender=Neut|Number=Sing	_	_	_	@aok1990m-words#@aok1990m#1599.535#1599.819
714	/	/	PUNCT	_	_	_	_	_	@aok1990m-words#@aok1990m#1599.819#1600.103
715	да	да	PART	_	_	_	_	_	@aok1990m-words#@aok1990m#1600.103#1600.387
716	/	/	PUNCT	_	_	_	_	_	@aok1990m-words#@aok1990m#1600.387#1600.671
717	давно	давно	ADV	_	Degree=Pos	_	_	_	@aok1990m-words#@aok1990m#1600.671#1600.955
718	было	быть	VERB	_	Aspect=Imp|Gender=Neut|Mood=Ind|Number=Sing|Tense=Past|VerbForm=Fin|Voice=Act	_	_	_	@aok1990m-words#@aok1990m#1600.955#1601.239
719	конечно	конечно	ADV	_	_	_	_	_	@aok1990m-words#@aok1990m#1601.239#1601.523
720	сейчас	сейчас	ADV	_	Degree=Pos	_	_	_	@aok1990m-words#@aok1990m#1601.523#1601.807
721	альтернатив	альтернатива	NOUN	_	Animacy=Inan|Case=Gen|Gender=Fem|Number=Plur	_	_	_	@aok1990m-words#@aok1990m#1601.807#1602.091
722	много	много	ADV	_	Degree=Pos	_	_	_	@aok1990m-words#@aok1990m#1602.091#1602.384
723	ну	ну	INTJ	_	_	_	_	_	@aok1990m-words#@aok1990m#1602.442#1602.74
724	то	то	PRON	_	Animacy=Inan|Case=Nom|Gender=Neut|Number=Sing	_	_	_	@aok1990m-words#@aok1990m#1602.74#1603.038
725	есть	быть	VERB	_	Aspect=Imp|Mood=Ind|Number=Sing|Person=3|Tense=Pres|VerbForm=Fin|Voice=Act	_	_	_	@aok1990m-words#@aok1990m#1603.038#1603.336
726	ну	ну	INTJ	_	_	_	_	_	@aok1990m-words#@aok1990m#1603.336#1603.634
727	/	/	PUNCT	_	_	_	_	_	@aok1990m-words#@aok1990m#1603.634#1603.932
728	меня	я	PRON	_	Case=Acc|Number=Sing|Person=1	_	_	_	@aok1990m-words#@aok1990m#1603.932#1604.23
729	прикалывает	прикалывать	VERB	_	Aspect=Imp|Mood=Ind|Number=Sing|Person=3|Tense=Pres|VerbForm=Fin|Voice=Act	_	_	_	@aok1990m-words#@aok1990m#1604.23#1604.528
730	там	там	ADV	_	Degree=Pos	_	_	_	@aok1990m-words#@aok1990m#1604.528#1604.826
731	мм	ммм	INTJ	_	_	_	_	_	@aok1990m-words#@aok1990m#1604.826#1605.124
732	сесть	сесть	VERB	_	Aspect=Perf|VerbForm=Inf|Voice=Mid	_	_	_	@aok1990m-words#@aok1990m#1605.124#1605.422
733	залипнуть	залипнуть	VERB	_	Aspect=Perf|VerbForm=Inf|Voice=Act	_	_	_	@aok1990m-words#@aok1990m#1605.422#1605.72
734	в	в	ADP	_	_	_	_	_	@aok1990m-words#@aok1990m#1605.72#1606.018
735	ящик	ящик	NOUN	_	Animacy=Inan|Case=Acc|Gender=Masc|Number=Sing	_	_	_	@aok1990m-words#@aok1990m#1606.018#1606.316
736	там	там	ADV	_	Degree=Pos	_	_	_	@aok1990m-words#@aok1990m#1606.316#1606.614
737	часов	час	NOUN	_	Animacy=Inan|Case=Acc|Gender=Masc|Number=Plur	_	_	_	@aok1990m-words#@aok1990m#1606.614#1606.912
738	на	на	ADP	_	_	_	_	_	@aok1990m-words#@aok1990m#1606.912#1607.21
739	пять	пять	NUM	_	Case=Acc	_	_	_	@aok1990m-words#@aok1990m#1607.21#1607.508
740	/	/	PUNCT	_	_	_	_	_	@aok1990m-words#@aok1990m#1607.508#1607.806
741	посидеть	посидеть	VERB	_	Aspect=Perf|VerbForm=Inf|Voice=Act	_	_	_	@aok1990m-words#@aok1990m#1607.806#1608.104
742	но	но	CCONJ	_	_	_	_	_	@aok1990m-words#@aok1990m#1608.104#1608.402
743	не	не	PART	_	_	_	_	_	@aok1990m-words#@aok1990m#1608.402#1608.7
744	каждый	каждый	DET	_	Case=Acc|Gender=Masc|Number=Sing	_	_	_	@aok1990m-words#@aok1990m#1608.7#1608.998
745	день	день	NOUN	_	Animacy=Inan|Case=Acc|Gender=Masc|Number=Sing	_	_	_	@aok1990m-words#@aok1990m#1608.998#1609.296
746	конечно	конечно	ADV	_	_	_	_	_	@aok1990m-words#@aok1990m#1609.296#1609.594
747	это	это	PRON	_	Animacy=Inan|Case=Nom|Gender=Neut|Number=Sing	_	_	_	@aok1990m-words#@aok1990m#1609.594#1609.892
748	очень	очень	ADV	_	Degree=Pos	_	_	_	@aok1990m-words#@aok1990m#1609.892#1610.19
749	редко	редко	ADV	_	Degree=Pos	_	_	_	@aok1990m-words#@aok1990m#1610.19#1610.488
750	бывает	бывать	VERB	_	Aspect=Imp|Mood=Ind|Number=Sing|Person=3|Tense=Pres|VerbForm=Fin|Voice=Act	_	_	_	@aok1990m-words#@aok1990m#1610.488#1610.788
751	но	но	CCONJ	_	_	_	_	_	@aok1990m-words#@aok1990m#1611.538#1611.776
752	я	я	PRON	_	Case=Nom|Number=Sing|Person=1	_	_	_	@aok1990m-words#@aok1990m#1611.776#1612.014
753	люблю	любить	VERB	_	Aspect=Imp|Mood=Ind|Number=Sing|Person=1|Tense=Pres|VerbForm=Fin|Voice=Act	_	_	_	@aok1990m-words#@aok1990m#1612.014#1612.252
754	очень	очень	ADV	_	Degree=Pos	_	_	_	@aok1990m-words#@aok1990m#1612.252#1612.49
755	телевизор	телевизор	NOUN	_	Animacy=Inan|Case=Acc|Gender=Masc|Number=Sing	_	_	_	@aok1990m-words#@aok1990m#1612.49#1612.728
756	/	/	PUNCT	_	_	_	_	_	@aok1990m-words#@aok1990m#1612.728#1612.966
757	у	у	ADP	_	_	_	_	_	@aok1990m-words#@aok1990m#1612.966#1613.204
758	меня	я	PRON	_	Case=Gen|Number=Sing|Person=1	_	_	_	@aok1990m-words#@aok1990m#1613.204#1613.442
759	мозги	мозг	NOUN	_	Animacy=Inan|Case=Nom|Gender=Masc|Number=Plur	_	_	_	@aok1990m-words#@aok1990m#1613.442#1613.68
760	отдыхают	отдыхать	VERB	_	Aspect=Imp|Mood=Ind|Number=Plur|Person=3|Tense=Pres|VerbForm=Fin|Voice=Act	_	_	_	@aok1990m-words#@aok1990m#1613.68#1613.918
761	в	в	ADP	_	_	_	_	_	@aok1990m-words#@aok1990m#1613.918#1614.156
762	этот	этот	DET	_	Case=Acc|Gender=Masc|Number=Sing	_	_	_	@aok1990m-words#@aok1990m#1614.156#1614.394
763	момент	момент	NOUN	_	Animacy=Inan|Case=Acc|Gender=Masc|Number=Sing	_	_	_	@aok1990m-words#@aok1990m#1614.394#1614.634
764	потому	потому	ADV	_	_	_	_	_	@aok1990m-words#@aok1990m#1614.73#1615.036
765	что	что	SCONJ	_	_	_	_	_	@aok1990m-words#@aok1990m#1615.036#1615.342
766	я	я	PRON	_	Case=Nom|Number=Sing|Person=1	_	_	_	@aok1990m-words#@aok1990m#1615.342#1615.648
767	постоянно	постоянно	ADV	_	Degree=Pos	_	_	_	@aok1990m-words#@aok1990m#1615.648#1615.954
768	как	как	ADV	_	_	_	_	_	@aok1990m-words#@aok1990m#1615.954#1616.26
769	бы	бы	PART	_	_	_	_	_	@aok1990m-words#@aok1990m#1616.26#1616.566
770	в	в	ADP	_	_	_	_	_	@aok1990m-words#@aok1990m#1616.566#1616.872
771	работе	работа	NOUN	_	Animacy=Inan|Case=Loc|Gender=Fem|Number=Sing	_	_	_	@aok1990m-words#@aok1990m#1616.872#1617.178
772	а	а	CCONJ	_	_	_	_	_	@aok1990m-words#@aok1990m#1617.178#1617.484
773	когда	когда	SCONJ	_	_	_	_	_	@aok1990m-words#@aok1990m#1617.484#1617.79
774	я	я	PRON	_	Case=Nom|Number=Sing|Person=1	_	_	_	@aok1990m-words#@aok1990m#1617.79#1618.096
775	смотрю	смотреть	VERB	_	Aspect=Imp|Mood=Ind|Number=Sing|Person=1|Tense=Pres|VerbForm=Fin|Voice=Act	_	_	_	@aok1990m-words#@aok1990m#1618.096#1618.402
776	ящик	ящик	NOUN	_	Animacy=Inan|Case=Acc|Gender=Masc|Number=Sing	_	_	_	@aok1990m-words#@aok1990m#1618.402#1618.708
777	/	/	PUNCT	_	_	_	_	_	@aok1990m-words#@aok1990m#1618.708#1619.014
778	у	у	ADP	_	_	_	_	_	@aok1990m-words#@aok1990m#1619.014#1619.32
779	меня	я	PRON	_	Case=Gen|Number=Sing|Person=1	_	_	_	@aok1990m-words#@aok1990m#1619.32#1619.626
780	там	там	ADV	_	Degree=Pos	_	_	_	@aok1990m-words#@aok1990m#1619.626#1619.932
781	ааа	ааа	INTJ	_	_	_	_	_	@aok1990m-words#@aok1990m#1619.932#1620.238
782	рыбки	рыбка	NOUN	_	Animacy=Anim|Case=Nom|Gender=Fem|Number=Plur	_	_	_	@aok1990m-words#@aok1990m#1620.238#1620.544
783	плавают	плавать	VERB	_	Aspect=Imp|Mood=Ind|Number=Plur|Person=3|Tense=Pres|VerbForm=Fin|Voice=Act	_	_	_	@aok1990m-words#@aok1990m#1620.544#1620.85
784	какие-то	какой-то	DET	_	Case=Nom|Number=Plur	_	_	_	@aok1990m-words#@aok1990m#1620.85#1621.156
785	облачка	облачко	NOUN	_	Animacy=Inan|Case=Nom|Gender=Masc|Number=Plur	_	_	_	@aok1990m-words#@aok1990m#1621.156#1621.462
786	чё-то	что-то	PRON	_	Case=Nom	_	_	_	@aok1990m-words#@aok1990m#1621.462#1621.768
787	непонятное	непонятный	ADJ	_	Case=Nom|Degree=Pos|Gender=Neut|Number=Sing	_	_	_	@aok1990m-words#@aok1990m#1621.768#1622.074
788	#смеется#	#смеется#	_	_	_	_	_	_	@aok1990m-words#@aok1990m#1622.074#1622.384